store_id_num,sangga_name,store_name,store_phone,store_address,store_aws_image,accounts,number_of_total_products,accounts_products
6808,누죤,MK,010-3717-0452,NUZZON 3F 322호,https://sokodress.s3.ap-northeast-2.amazonaws.com/ShopProfiles/6808.jpg,"1,022",35,1
21406,누죤,ORDA,010-2301-7219,NUZZON 6F 108호,https://sokodress.s3.ap-northeast-2.amazonaws.com/ShopProfiles/21406.jpg,"1,084",189,0
18361,누죤,HENDEL,02-2231-0633,NUZZON 5F 606호,https://sokodress.s3.ap-northeast-2.amazonaws.com/ShopProfiles/18361.jpg,"3,651","8,768",1
14437,누죤,157 flying,010-8570-0157,NUZZON 5F 122호,https://sokodress.s3.ap-northeast-2.amazonaws.com/ShopProfiles/14437.jpg,640,"3,006",0
11372,누죤,BROWN MARKET,02-6366-4700,NUZZON B1 519호,https://sokodress.s3.ap-northeast-2.amazonaws.com/ShopProfiles/11372.jpg,"3,564","11,479",1
16200,누죤,구름,02-2117-4420,THEOT B2 C28,https://sokodress.s3.ap-northeast-2.amazonaws.com/ShopProfiles/16200.jpg,"10,111","16,947",7
9143,누죤,Rooka,02-2236-1999,NUZZON 1F 619호,https://sokodress.s3.ap-northeast-2.amazonaws.com/ShopProfiles/9143.jpg,348,154,0
23885,누죤,lemei,010-5544-5041,NUZZON 4F 115호,https://sokodress.s3.ap-northeast-2.amazonaws.com/ShopProfiles/23885.jpg,"5,722",450,0
20546,누죤,9 from 10,010-8763-7800,NUZZON B1 513호,https://sokodress.s3.ap-northeast-2.amazonaws.com/ShopProfiles/20546.jpg,"3,495","9,352",167
16306,누죤,앨짱,02-6366-5878,NUZZON B1 415호,https://sokodress.s3.ap-northeast-2.amazonaws.com/ShopProfiles/16306.jpg,"4,364","1,142",2
3066,누죤,Ribbon Dress,02-6366-4884,NUZZON 2F 501호,https://sokodress.s3.ap-northeast-2.amazonaws.com/ShopProfiles/3066.jpg,558,788,0
23274,누죤,G1모자,010-2598-5281,NUZZON 2F 406호,https://sokodress.s3.ap-northeast-2.amazonaws.com/ShopProfiles/23274.jpg,560,"2,663",2
3609,누죤,goshen,02-2233-0855,NUZZON 1F 219호,https://sokodress.s3.ap-northeast-2.amazonaws.com/ShopProfiles/3609.jpg,"3,539","1,299",0
11162,누죤,MARIEN,010-4805-3484,NUZZON 4F 603호,https://sokodress.s3.ap-northeast-2.amazonaws.com/ShopProfiles/11162.jpg,"1,828",904,2
23213,누죤,uniion,010-9706-7011,NUZZON 4F 709호,https://sokodress.s3.ap-northeast-2.amazonaws.com/ShopProfiles/23213.jpg,"2,738","9,771",3
9533,누죤,Liberta,010-4658-1711,NUZZON 5F 511호,https://sokodress.s3.ap-northeast-2.amazonaws.com/ShopProfiles/9533.jpg,"2,675","9,015",0
25389,누죤,언본,02-6366-4170,NUZZON 6F 314호,https://sokodress.s3.ap-northeast-2.amazonaws.com/ShopProfiles/25389.jpg,322,374,2
15588,누죤,Bible,02-6366-3525,NUZZON 6F 413호,https://sokodress.s3.ap-northeast-2.amazonaws.com/ShopProfiles/15588.jpg,816,319,0
6674,누죤,루비아,02-6366-5624,NUZZON B2 321호,https://sokodress.s3.ap-northeast-2.amazonaws.com/ShopProfiles/6674.jpg,807,"1,163",23
17800,누죤,OVER TRAINING,010-8324-9880,NUZZON 5F 215호,https://sokodress.s3.ap-northeast-2.amazonaws.com/ShopProfiles/17800.jpg,"2,121","2,736",0
18234,누죤,THE PLAN,010-9138-2677,NUZZON 5F 417호,https://sokodress.s3.ap-northeast-2.amazonaws.com/ShopProfiles/18234.jpg,"1,066","2,702",0
26972,누죤,mimiga,010-5093-0754,NUZZON 4F 105호,https://sokodress.s3.ap-northeast-2.amazonaws.com/ShopProfiles/26972.jpg,164,310,9
8827,누죤,rayble,02-6366-5412,NUZZON 6F 601호,https://sokodress.s3.ap-northeast-2.amazonaws.com/ShopProfiles/8827.jpg,"2,847",508,0
16884,누죤,sense,02-6366-6206,NUZZON 6F 206호,https://sokodress.s3.ap-northeast-2.amazonaws.com/ShopProfiles/16884.jpg,"1,645","2,986",0
11237,누죤,AMOR,02-6366-4785,NUZZON 6F 312호,https://sokodress.s3.ap-northeast-2.amazonaws.com/ShopProfiles/11237.jpg,"1,786",225,0
186,누죤,peritod,02-2237-5854,NUZZON B2 310호,https://sokodress.s3.ap-northeast-2.amazonaws.com/ShopProfiles/186.jpg,648,644,1
2076,누죤,살리번,010-2046-7618,NUZZON 5F 402호,https://sokodress.s3.ap-northeast-2.amazonaws.com/ShopProfiles/2076.jpg,"1,808",45,0
23388,누죤,2spoon,010-8550-5112,NUZZON 5F 112호,https://sokodress.s3.ap-northeast-2.amazonaws.com/ShopProfiles/23388.jpg,593,738,0
3583,누죤,R2,010-2109-2622,NUZZON 3F 601호,https://sokodress.s3.ap-northeast-2.amazonaws.com/ShopProfiles/3583.jpg,"3,118","5,293",8
2948,누죤,원버튼,02-6366-6512,NUZZON 6F 128호,https://sokodress.s3.ap-northeast-2.amazonaws.com/ShopProfiles/2948.jpg,"1,720","1,234",1
18110,누죤,메이나인,010-7317-5671,NUZZON B1 413호,https://sokodress.s3.ap-northeast-2.amazonaws.com/ShopProfiles/18110.jpg,"2,375","12,920",2
5585,누죤,PLANB,02-6366-4230,NUZZON 3F 421호,https://sokodress.s3.ap-northeast-2.amazonaws.com/ShopProfiles/5585.jpg,"2,248","1,317",0
24997,누죤,YlangYlang,02-6366-3619,NUZZON B2 703호,https://sokodress.s3.ap-northeast-2.amazonaws.com/ShopProfiles/24997.jpg,26,70,0
4355,누죤,루이스,02-6366-5107,NUZZON 3F 107호,https://sokodress.s3.ap-northeast-2.amazonaws.com/ShopProfiles/4355.jpg,147,"1,012",2
6624,누죤,LeeJen,02-6366-6277,NUZZON B2 203호,https://sokodress.s3.ap-northeast-2.amazonaws.com/ShopProfiles/6624.jpg,"4,678","17,503",3
26829,누죤,othello,010-2464-2915,NUZZON 3F 307호,https://sokodress.s3.ap-northeast-2.amazonaws.com/ShopProfiles/26829.jpg,104,28,0
9905,누죤,sugarjeans,010-2391-9362,NUZZON 1F 313호,https://sokodress.s3.ap-northeast-2.amazonaws.com/ShopProfiles/9905.jpg,"1,951",767,15
4839,누죤,로엔,02-6366-4175,NUZZON 5F 403호,https://sokodress.s3.ap-northeast-2.amazonaws.com/ShopProfiles/4839.jpg,865,"1,557",10
26859,누죤,and,010-6535-6414,NUZZON 3F 512호,https://sokodress.s3.ap-northeast-2.amazonaws.com/ShopProfiles/26859.jpg,150,107,0
24868,누죤,dalda,02-6366-4054,NUZZON B1 405호,https://sokodress.s3.ap-northeast-2.amazonaws.com/ShopProfiles/24868.jpg,"1,451","4,932",1
12966,누죤,리본,02-2233-9690,NUZZON B1 626호,https://sokodress.s3.ap-northeast-2.amazonaws.com/ShopProfiles/12966.jpg,"2,014","2,376",2
3147,누죤,버킷리스트,010-7650-1360,NUZZON 5F 429호,https://sokodress.s3.ap-northeast-2.amazonaws.com/ShopProfiles/3147.jpg,"3,198",362,0
5327,누죤,"NAN,,,DA",02-6366-3782,NUZZON 2F 408호,https://sokodress.s3.ap-northeast-2.amazonaws.com/ShopProfiles/5327.jpg,"1,114","1,378",0
26952,누죤,million,010-3440-5125,NUZZON 5F 512호,https://sokodress.s3.ap-northeast-2.amazonaws.com/ShopProfiles/26952.jpg,151,87,0
27199,누죤,Daol,010-4246-3117,NUZZON 4F 616호,https://sokodress.s3.ap-northeast-2.amazonaws.com/ShopProfiles/27199.jpg,13,66,0
22784,누죤,LABON,010-3194-3218,NUZZON 5F 210호,https://sokodress.s3.ap-northeast-2.amazonaws.com/ShopProfiles/22784.jpg,138,228,0
9428,누죤,9NINE BRICK,010-5524-4855,NUZZON 5F 411호,https://sokodress.s3.ap-northeast-2.amazonaws.com/ShopProfiles/9428.jpg,852,"1,254",1
5938,누죤,everick,02-2233-9356,NUZZON 6F 504호,https://sokodress.s3.ap-northeast-2.amazonaws.com/ShopProfiles/5938.jpg,"1,564","3,835",0
582,누죤,SKY,010-9274-3237,NUZZON 5F 526호,https://sokodress.s3.ap-northeast-2.amazonaws.com/ShopProfiles/582.jpg,"2,904","2,855",4
300,누죤,오페라,02-6366-3691,NUZZON 5F 601호,https://sokodress.s3.ap-northeast-2.amazonaws.com/ShopProfiles/300.jpg,"1,557",706,3
19665,누죤,613street,010-6379-5727,NUZZON 3F 605호,https://sokodress.s3.ap-northeast-2.amazonaws.com/ShopProfiles/19665.jpg,"2,373",146,0
27096,누죤,HAVEN,010-2508-9658,NUZZON 3F 613호,https://sokodress.s3.ap-northeast-2.amazonaws.com/ShopProfiles/27096.jpg,27,26,0
3357,누죤,onl ONL 5nl 5NL,010-3339-0877,NUZZON 5F 220호,https://sokodress.s3.ap-northeast-2.amazonaws.com/ShopProfiles/3357.jpg,"1,239",560,0
14532,누죤,toktok,010-9022-8366,NUZZON B2 425호,https://sokodress.s3.ap-northeast-2.amazonaws.com/ShopProfiles/14532.jpg,"2,318","13,847",1
21093,누죤,다소니,010-8021-4102,NUZZON B1 512호,https://sokodress.s3.ap-northeast-2.amazonaws.com/ShopProfiles/21093.jpg,"2,516","9,157",6
25947,누죤,VVV브이브이브이,010-5193-9294,NUZZON B1 106호,https://sokodress.s3.ap-northeast-2.amazonaws.com/ShopProfiles/25947.jpg,"1,307","2,366",0
18131,누죤,selina,02-6366-4611,NUZZON 4F 310호,https://sokodress.s3.ap-northeast-2.amazonaws.com/ShopProfiles/18131.jpg,"1,337",610,0
20274,누죤,ROOM,010-4225-9508,NUZZON 5F 102호,https://sokodress.s3.ap-northeast-2.amazonaws.com/ShopProfiles/20274.jpg,"2,642","5,382",0
24621,누죤,Owelty,010-2434-7926,NUZZON 6F 503호,https://sokodress.s3.ap-northeast-2.amazonaws.com/ShopProfiles/24621.jpg,431,83,0
25642,누죤,디그린(D_green),010-3008-1469,NUZZON 3F 514호,https://sokodress.s3.ap-northeast-2.amazonaws.com/ShopProfiles/25642.jpg,582,972,0
25767,누죤,DK,010-3407-2123,NUZZON 4F 129호,https://sokodress.s3.ap-northeast-2.amazonaws.com/ShopProfiles/25767.jpg,522,127,71
15830,누죤,BLITE,02-6366-6586,NUZZON 6F 412호,https://sokodress.s3.ap-northeast-2.amazonaws.com/ShopProfiles/15830.jpg,"1,699","1,878",0
5854,누죤,레인,010-9395-8253,NUZZON B2 805호,https://sokodress.s3.ap-northeast-2.amazonaws.com/ShopProfiles/5854.jpg,"3,302","6,307",32
16526,누죤,NAMU,02-6366-3031,NUZZON B2 303호,https://sokodress.s3.ap-northeast-2.amazonaws.com/ShopProfiles/16526.jpg,505,"1,002",10
7521,누죤,CHERRY,010-3856-8390,NUZZON 4F 410호,https://sokodress.s3.ap-northeast-2.amazonaws.com/ShopProfiles/7521.jpg,"2,633","2,486",1
15707,누죤,제이엠,010-8718-2139,NUZZON B1 807호,https://sokodress.s3.ap-northeast-2.amazonaws.com/ShopProfiles/15707.jpg,645,"7,912",20
18765,누죤,L MARO,010-9324-8218,NUZZON 5F 425호,https://sokodress.s3.ap-northeast-2.amazonaws.com/ShopProfiles/18765.jpg,"1,013","3,158",0
19123,누죤,hommage,010-3859-0614,NUZZON 5F 604호,https://sokodress.s3.ap-northeast-2.amazonaws.com/ShopProfiles/19123.jpg,755,100,0
16996,누죤,MYWAY,02-6366-4988,NUZZON 1F 427호,https://sokodress.s3.ap-northeast-2.amazonaws.com/ShopProfiles/16996.jpg,743,202,98
3662,누죤,becoild,02-6366-6603,NUZZON 6F 604호,https://sokodress.s3.ap-northeast-2.amazonaws.com/ShopProfiles/3662.jpg,"1,169",545,1
15401,누죤,아보카도,010-8411-2858,NUZZON 4F 203호,https://sokodress.s3.ap-northeast-2.amazonaws.com/ShopProfiles/15401.jpg,"5,225","12,333",12
14192,누죤,PPOM,010-3600-2156,NUZZON B2 420호,https://sokodress.s3.ap-northeast-2.amazonaws.com/ShopProfiles/14192.jpg,718,460,0
9672,누죤,silvermania,010-5953-3020,NUZZON 5F 204호,https://sokodress.s3.ap-northeast-2.amazonaws.com/ShopProfiles/9672.jpg,"3,323","3,644",1
24592,누죤,Dito,010-3139-3722,NUZZON 4F 104호,https://sokodress.s3.ap-northeast-2.amazonaws.com/ShopProfiles/24592.jpg,156,102,3
7471,누죤,와이브랜드,010-4267-0234,NUZZON 6F 204호,https://sokodress.s3.ap-northeast-2.amazonaws.com/ShopProfiles/7471.jpg,"2,114",304,0
21903,누죤,Ko P,010-8081-7958,NUZZON 5F 212호,https://sokodress.s3.ap-northeast-2.amazonaws.com/ShopProfiles/21903.jpg,789,164,0
8549,누죤,4INT,02-6366-5327,NUZZON 5F 117호,https://sokodress.s3.ap-northeast-2.amazonaws.com/ShopProfiles/8549.jpg,"3,078",130,0
8768,누죤,채플린,02-2237-4410,NUZZON B1 514호,https://sokodress.s3.ap-northeast-2.amazonaws.com/ShopProfiles/8768.jpg,"2,125","4,048",0
1688,누죤,카라멜,010-5347-0235,NUZZON B2 311호,https://sokodress.s3.ap-northeast-2.amazonaws.com/ShopProfiles/1688.jpg,"10,674","1,200",0
18908,누죤,제이에스,010-5115-3889,NUZZON B2 409호,https://sokodress.s3.ap-northeast-2.amazonaws.com/ShopProfiles/18908.jpg,110,846,4
1415,누죤,therethere,010-5553-3899,NUZZON B1 723호,https://sokodress.s3.ap-northeast-2.amazonaws.com/ShopProfiles/1415.jpg,"18,928",338,0
18561,누죤,Dalia,02-6366-6537,NUZZON 4F 917호,https://sokodress.s3.ap-northeast-2.amazonaws.com/ShopProfiles/18561.jpg,"5,213","3,479",0
3562,누죤,mory,02-2233-9598,NUZZON B1 306호,https://sokodress.s3.ap-northeast-2.amazonaws.com/ShopProfiles/3562.jpg,"5,457","1,835",2
7175,누죤,DAON,010-5286-0902,NUZZON 4F 614호,https://sokodress.s3.ap-northeast-2.amazonaws.com/ShopProfiles/7175.jpg,"2,995","7,888",3
7274,누죤,아오스,02-2235-8882,NUZZON 3F 203호,https://sokodress.s3.ap-northeast-2.amazonaws.com/ShopProfiles/7274.jpg,"2,294","3,435",1
24012,누죤,Glam,010-5671-8104,NUZZON 6F 110호,https://sokodress.s3.ap-northeast-2.amazonaws.com/ShopProfiles/24012.jpg,538,"1,730",1
6582,누죤,리치,02-6366-6891,NUZZON B2 120호,https://sokodress.s3.ap-northeast-2.amazonaws.com/ShopProfiles/6582.jpg,"8,062","11,549",8
22336,누죤,MAIDEN,010-3958-6070,NUZZON 1F 102호,https://sokodress.s3.ap-northeast-2.amazonaws.com/ShopProfiles/22336.jpg,"1,203","6,340",7
19669,누죤,Knowing,010-8992-8277,NUZZON B2 112호,https://sokodress.s3.ap-northeast-2.amazonaws.com/ShopProfiles/19669.jpg,129,161,0
21307,누죤,WONDER,010-7591-1378,NUZZON 4F 605호,https://sokodress.s3.ap-northeast-2.amazonaws.com/ShopProfiles/21307.jpg,"1,210",587,0
24208,누죤,쌈지,010-6233-2091,NUZZON B1 324호,https://sokodress.s3.ap-northeast-2.amazonaws.com/ShopProfiles/24208.jpg,490,772,4
15592,누죤,3.14,02-6366-5141,NUZZON 6F 505호,https://sokodress.s3.ap-northeast-2.amazonaws.com/ShopProfiles/15592.jpg,"4,874","1,314",0
9384,누죤,wise,010-3267-6998,NUZZON 6F 214호,https://sokodress.s3.ap-northeast-2.amazonaws.com/ShopProfiles/9384.jpg,"1,809","3,100",4
17273,누죤,sf,02-6366-4599,NUZZON 2F 121호,https://sokodress.s3.ap-northeast-2.amazonaws.com/ShopProfiles/17273.jpg,"2,022","3,303",2
3891,누죤,NOEL,02-6366-5454,NUZZON 2F 508호,https://sokodress.s3.ap-northeast-2.amazonaws.com/ShopProfiles/3891.jpg,"1,236","1,674",13
19864,누죤,Lowell,010-2303-1769,NUZZON 6F 302호,https://sokodress.s3.ap-northeast-2.amazonaws.com/ShopProfiles/19864.jpg,"2,545","13,452",0
27104,누죤,PLAYGROUND,010-9220-1675,Techno 3F 339호,https://sokodress.s3.ap-northeast-2.amazonaws.com/ShopProfiles/27104.jpg,83,222,0
6248,누죤,아가씨,02-6366-4996,NUZZON 2F 130호,https://sokodress.s3.ap-northeast-2.amazonaws.com/ShopProfiles/6248.jpg,"2,166",627,57
7497,누죤,shu,010-3528-3998,NUZZON B1 125호,https://sokodress.s3.ap-northeast-2.amazonaws.com/ShopProfiles/7497.jpg,"1,558",173,0
2364,누죤,cello,02-6366-4022,NUZZON B1 516호,https://sokodress.s3.ap-northeast-2.amazonaws.com/ShopProfiles/2364.jpg,"13,123","7,195",1
25973,누죤,unimore,010-5923-8985,NUZZON B1 418호,https://sokodress.s3.ap-northeast-2.amazonaws.com/ShopProfiles/25973.jpg,791,199,0
12782,누죤,Fatigue,02-2231-1838,NUZZON 5F 424호,https://sokodress.s3.ap-northeast-2.amazonaws.com/ShopProfiles/12782.jpg,"1,386",569,0
11239,누죤,HAPPY GUY,010-6282-3641,NUZZON 5F 104호,https://sokodress.s3.ap-northeast-2.amazonaws.com/ShopProfiles/11239.jpg,"2,186","3,137",1
22441,누죤,byin,02-6366-3837,NUZZON 5F 307호,https://sokodress.s3.ap-northeast-2.amazonaws.com/ShopProfiles/22441.jpg,"2,625","2,770",0
12256,누죤,화이트샵,010-4293-1397,NUZZON 2F 402호,https://sokodress.s3.ap-northeast-2.amazonaws.com/ShopProfiles/12256.jpg,"5,217",131,0
19274,누죤,levain,010-5017-1302,NUZZON B1 109호,https://sokodress.s3.ap-northeast-2.amazonaws.com/ShopProfiles/19274.jpg,"2,183","2,156",0
12164,누죤,바비몰,02-6366-4523,NUZZON B2 807호,https://sokodress.s3.ap-northeast-2.amazonaws.com/ShopProfiles/12164.jpg,862,"12,533",3
13609,누죤,isis,010-2700-1089,NUZZON 1F 201호,https://sokodress.s3.ap-northeast-2.amazonaws.com/ShopProfiles/13609.jpg,"6,691","3,241",0
25231,누죤,COVILL코빌,010-2368-8022,NUZZON 6F 426호,https://sokodress.s3.ap-northeast-2.amazonaws.com/ShopProfiles/25231.jpg,894,"2,429",1
20169,누죤,빅히트스튜디오,010-4009-8979,NUZZON 3F 315호,https://sokodress.s3.ap-northeast-2.amazonaws.com/ShopProfiles/20169.jpg,"1,160",787,6
19971,누죤,언니제이,010-7546-5171,NUZZON 1F 517호,https://sokodress.s3.ap-northeast-2.amazonaws.com/ShopProfiles/19971.jpg,"8,276","19,931",24
7425,누죤,MiYa,02-6366-3909,NUZZON B2 323호,https://sokodress.s3.ap-northeast-2.amazonaws.com/ShopProfiles/7425.jpg,"4,209","6,584",1
14019,누죤,AVEC_design,02-6366-3950,NUZZON 6F 222호,https://sokodress.s3.ap-northeast-2.amazonaws.com/ShopProfiles/14019.jpg,"1,725","1,492",3
18407,누죤,Doan,010-9647-6308,NUZZON 6F 418호,https://sokodress.s3.ap-northeast-2.amazonaws.com/ShopProfiles/18407.jpg,"1,828","1,264",0
10203,누죤,영이프,010-3345-1509,NUZZON B1 509호,https://sokodress.s3.ap-northeast-2.amazonaws.com/ShopProfiles/10203.jpg,"4,324",661,0
10672,누죤,LUCCA 2,02-6366-3787,NUZZON B1 520호,https://sokodress.s3.ap-northeast-2.amazonaws.com/ShopProfiles/10672.jpg,788,"1,472",8
14319,누죤,HI BAR,010-2489-1018,NUZZON 2F 412호,https://sokodress.s3.ap-northeast-2.amazonaws.com/ShopProfiles/14319.jpg,"9,903","8,183",7
6337,누죤,OUR FRANK,02-6366-6622,NUZZON 6F 306호,https://sokodress.s3.ap-northeast-2.amazonaws.com/ShopProfiles/6337.jpg,"1,140","1,570",1
18152,누죤,homie,010-9156-5202,NUZZON 5F 313호,https://sokodress.s3.ap-northeast-2.amazonaws.com/ShopProfiles/18152.jpg,"1,247","2,921",21
3666,누죤,헤이걸,02-6366-3536,NUZZON 1F 630호,https://sokodress.s3.ap-northeast-2.amazonaws.com/ShopProfiles/3666.jpg,"1,214","4,263",3
8747,누죤,비앤오(구.오버로크),010-4090-5028,NUZZON 3F 503호,https://sokodress.s3.ap-northeast-2.amazonaws.com/ShopProfiles/8747.jpg,"1,598",698,0
14999,누죤,colorto,010-7448-2204,NUZZON B1 204호,https://sokodress.s3.ap-northeast-2.amazonaws.com/ShopProfiles/14999.jpg,"2,913",162,0
25415,누죤,moon-i문아이,010-3233-3399,NUZZON 3F 505호,https://sokodress.s3.ap-northeast-2.amazonaws.com/ShopProfiles/25415.jpg,419,"1,325",1
74,누죤,모인,02-6366-3788,NUZZON 5F 610호,https://sokodress.s3.ap-northeast-2.amazonaws.com/ShopProfiles/74.jpg,"1,232",382,9
25516,누죤,hexagon6,010-7535-3340,NUZZON 3F 312호,https://sokodress.s3.ap-northeast-2.amazonaws.com/ShopProfiles/25516.jpg,402,165,0
11115,누죤,비앤비,02-6366-6229,NUZZON 1F 101호,https://sokodress.s3.ap-northeast-2.amazonaws.com/ShopProfiles/11115.jpg,388,17,0
16113,누죤,MODS,010-9579-2990,NUZZON 5F 505호,https://sokodress.s3.ap-northeast-2.amazonaws.com/ShopProfiles/16113.jpg,"3,931","3,227",3
5505,누죤,Dean,010-6394-5844,NUZZON 6F 219호,https://sokodress.s3.ap-northeast-2.amazonaws.com/ShopProfiles/5505.jpg,"1,593","2,728",0
27156,누죤,Lupang,010-4642-2200,NUZZON B1 301호,https://sokodress.s3.ap-northeast-2.amazonaws.com/ShopProfiles/27156.jpg,107,47,0
2676,누죤,NeedlePoint,02-6366-6669,NUZZON 5F 621호,https://sokodress.s3.ap-northeast-2.amazonaws.com/ShopProfiles/2676.jpg,"4,157","3,746",34
20034,누죤,제이엠,02-6366-3637,NUZZON B1 814,https://sokodress.s3.ap-northeast-2.amazonaws.com/ShopProfiles/20034.jpg,246,"4,776",3
21781,누죤,CC,010-7181-5090,NUZZON B2 213호,https://sokodress.s3.ap-northeast-2.amazonaws.com/ShopProfiles/21781.jpg,"3,412","11,295",12
23975,누죤,potatoclub,010-9844-5612,NUZZON 5F 612호,https://sokodress.s3.ap-northeast-2.amazonaws.com/ShopProfiles/23975.jpg,933,801,2
16139,누죤,Aron,02-6366-3220,NUZZON 3F 111호,https://sokodress.s3.ap-northeast-2.amazonaws.com/ShopProfiles/16139.jpg,"1,044","2,912",1
14480,누죤,corona,010-9465-1817,NUZZON B1 817호,https://sokodress.s3.ap-northeast-2.amazonaws.com/ShopProfiles/14480.jpg,"6,375","10,836",0
19328,누죤,MM,010-8426-3286,NUZZON 4F 905호,https://sokodress.s3.ap-northeast-2.amazonaws.com/ShopProfiles/19328.jpg,"2,617","6,375",0
14418,누죤,FULL,010-4082-8284,NUZZON B1 522호,https://sokodress.s3.ap-northeast-2.amazonaws.com/ShopProfiles/14418.jpg,"4,724",83,0
15165,누죤,right,010-6557-4860,NUZZON B1 603호,https://sokodress.s3.ap-northeast-2.amazonaws.com/ShopProfiles/15165.jpg,"3,728","1,167",0
2666,누죤,POint,02-2236-4611,NUZZON 1F 225호,https://sokodress.s3.ap-northeast-2.amazonaws.com/ShopProfiles/2666.jpg,682,"1,088",0
5309,누죤,dwell,02-6366-5909,NUZZON 5F 426호,https://sokodress.s3.ap-northeast-2.amazonaws.com/ShopProfiles/5309.jpg,"1,098","2,566",0
20405,누죤,jun,02-6366-4794,NUZZON 1F 506호,https://sokodress.s3.ap-northeast-2.amazonaws.com/ShopProfiles/20405.jpg,283,164,0
4256,누죤,daebak,010-3727-4605,NUZZON 3F 226호,https://sokodress.s3.ap-northeast-2.amazonaws.com/ShopProfiles/4256.jpg,519,133,0
1421,누죤,NEXT,010-5327-1355,NUZZON 5F 207호,https://sokodress.s3.ap-northeast-2.amazonaws.com/ShopProfiles/1421.jpg,"1,291","1,078",0
13984,누죤,Jupiter Opera,02-6366-3770,NUZZON 4F 502호,https://sokodress.s3.ap-northeast-2.amazonaws.com/ShopProfiles/13984.jpg,"2,824","4,216",34
9292,누죤,솔로몬,010-5588-2625,NUZZON 3F 122호,https://sokodress.s3.ap-northeast-2.amazonaws.com/ShopProfiles/9292.jpg,666,687,0
10500,누죤,White,02-6366-6965,NUZZON 1F 204호,https://sokodress.s3.ap-northeast-2.amazonaws.com/ShopProfiles/10500.jpg,"14,567","21,570",13
18055,누죤,YOUXME,010-3612-8216,NUZZON 4F 116호,https://sokodress.s3.ap-northeast-2.amazonaws.com/ShopProfiles/18055.jpg,"6,068","1,060",0
25268,누죤,MAG매그,010-3087-9852,NUZZON 3F 520호,https://sokodress.s3.ap-northeast-2.amazonaws.com/ShopProfiles/25268.jpg,574,"1,177",0
7645,누죤,세종,02-6366-6070,NUZZON 1F 209호,https://sokodress.s3.ap-northeast-2.amazonaws.com/ShopProfiles/7645.jpg,"2,948","1,141",0
7416,누죤,FromH,02-6366-6599,NUZZON B1 208호,https://sokodress.s3.ap-northeast-2.amazonaws.com/ShopProfiles/7416.jpg,"4,024","1,701",0
24505,누죤,unstandardco,010-3268-5201,NUZZON 5F 201호,https://sokodress.s3.ap-northeast-2.amazonaws.com/ShopProfiles/24505.jpg,268,141,0
17454,누죤,THE,02-6366-5358,NUZZON 4F 926호,https://sokodress.s3.ap-northeast-2.amazonaws.com/ShopProfiles/17454.jpg,693,217,0
16716,누죤,일프로,02-2231-2166,NUZZON 3F 622호,https://sokodress.s3.ap-northeast-2.amazonaws.com/ShopProfiles/16716.jpg,"1,446",269,0
9120,누죤,otherfit,02-6366-5054,NUZZON 3F 611호,https://sokodress.s3.ap-northeast-2.amazonaws.com/ShopProfiles/9120.jpg,"1,338","1,998",0
18729,누죤,SOMEBINE,010-8584-7910,NUZZON B2 116호,https://sokodress.s3.ap-northeast-2.amazonaws.com/ShopProfiles/18729.jpg,442,"1,291",1
25066,누죤,매듭,010-5649-9811,NUZZON B1 624호,https://sokodress.s3.ap-northeast-2.amazonaws.com/ShopProfiles/25066.jpg,92,656,1
17984,누죤,더블링,010-5355-0552,NUZZON 5F 605호,https://sokodress.s3.ap-northeast-2.amazonaws.com/ShopProfiles/17984.jpg,"2,473","4,403",3
14591,누죤,NAMED,010-9364-0230,NUZZON 6F 116호,https://sokodress.s3.ap-northeast-2.amazonaws.com/ShopProfiles/14591.jpg,672,"1,107",1
5211,누죤,5번가,02-6366-3312,NUZZON B2 312호,https://sokodress.s3.ap-northeast-2.amazonaws.com/ShopProfiles/5211.jpg,"3,671","2,845",2
18738,누죤,베어리,010-3765-4246,NUZZON 5F 407호,https://sokodress.s3.ap-northeast-2.amazonaws.com/ShopProfiles/18738.jpg,"1,037",702,0
925,누죤,지아이브랜드,010-8777-4995,Studio W 3F 72호,https://sokodress.s3.ap-northeast-2.amazonaws.com/ShopProfiles/925.jpg,"4,331","10,817",0
4919,누죤,backnumber,02-6366-3285,NUZZON 4F 702호,https://sokodress.s3.ap-northeast-2.amazonaws.com/ShopProfiles/4919.jpg,"4,288","4,039",12
17009,누죤,ODDOZ,010-7365-9936,NUZZON 5F 216호,https://sokodress.s3.ap-northeast-2.amazonaws.com/ShopProfiles/17009.jpg,"1,527",300,0
2892,누죤,malenkii,010-7643-5882,NUZZON 6F 325호,https://sokodress.s3.ap-northeast-2.amazonaws.com/ShopProfiles/2892.jpg,"3,836",94,0
4992,누죤,saron,010-2913-7995,NUZZON 5F 614호,https://sokodress.s3.ap-northeast-2.amazonaws.com/ShopProfiles/4992.jpg,"8,376","9,913",1
17089,누죤,bellescarpe,02-6366-5366,NUZZON 4F 931호,https://sokodress.s3.ap-northeast-2.amazonaws.com/ShopProfiles/17089.jpg,507,949,1
17647,누죤,MOA,02-6366-3571,NUZZON 1F 620호,https://sokodress.s3.ap-northeast-2.amazonaws.com/ShopProfiles/17647.jpg,942,185,0
7887,누죤,블루샵,010-9965-1213,Studio W B1 8호,https://sokodress.s3.ap-northeast-2.amazonaws.com/ShopProfiles/7887.jpg,"8,940",87,0
1959,누죤,Asuka for man,02-6366-5352,NUZZON 3F 403호,https://sokodress.s3.ap-northeast-2.amazonaws.com/ShopProfiles/1959.jpg,510,59,0
14948,누죤,BOX,010-3784-2091,NUZZON B1 305호,https://sokodress.s3.ap-northeast-2.amazonaws.com/ShopProfiles/14948.jpg,933,"1,566",0
1671,누죤,홍,010-8604-6766,NUZZON B2 114호,https://sokodress.s3.ap-northeast-2.amazonaws.com/ShopProfiles/1671.jpg,909,"1,524",1
24380,누죤,newborn,010-8605-0940,NUZZON 6F 525호,https://sokodress.s3.ap-northeast-2.amazonaws.com/ShopProfiles/24380.jpg,347,325,0
2209,누죤,온오프,010-7760-1014,NUZZON 5F 130호,https://sokodress.s3.ap-northeast-2.amazonaws.com/ShopProfiles/2209.jpg,"1,088",879,0
6720,누죤,QUM,02-6366-3636,NUZZON B2 208호,https://sokodress.s3.ap-northeast-2.amazonaws.com/ShopProfiles/6720.jpg,"1,647","9,345",89
20100,누죤,SALT,010-5146-3367,NUZZON B2 416호,https://sokodress.s3.ap-northeast-2.amazonaws.com/ShopProfiles/20100.jpg,457,934,4
3084,누죤,Fitbow,010-3301-7065,NUZZON 5F 231호,https://sokodress.s3.ap-northeast-2.amazonaws.com/ShopProfiles/3084.jpg,"4,348","1,336",0
20660,누죤,mool,010-9784-1410,NUZZON 1F 210호,https://sokodress.s3.ap-northeast-2.amazonaws.com/ShopProfiles/20660.jpg,"4,220","1,515",0
26849,누죤,ABSENTE,010-2678-5552,NUZZON 5F 312호,https://sokodress.s3.ap-northeast-2.amazonaws.com/ShopProfiles/26849.jpg,46,33,0
22253,누죤,제이클로젯,010-8450-1175,NUZZON B1 811호,https://sokodress.s3.ap-northeast-2.amazonaws.com/ShopProfiles/22253.jpg,"2,203","9,644",1
7393,누죤,야다,010-5188-5878,NUZZON B2 606호,https://sokodress.s3.ap-northeast-2.amazonaws.com/ShopProfiles/7393.jpg,"2,594","18,609",1
25933,누죤,onemile,010-3823-9332,NUZZON 3F 617호,https://sokodress.s3.ap-northeast-2.amazonaws.com/ShopProfiles/25933.jpg,235,120,0
6692,누죤,TAJ,02-6366-4213,NUZZON 3F 401호,https://sokodress.s3.ap-northeast-2.amazonaws.com/ShopProfiles/6692.jpg,258,87,0
7014,누죤,SDKC,02-6366-3327,NUZZON 3F 328호,https://sokodress.s3.ap-northeast-2.amazonaws.com/ShopProfiles/7014.jpg,"1,102","3,666",1
26249,누죤,PALETTE,010-8515-6500,THEOT 2F B30,https://sokodress.s3.ap-northeast-2.amazonaws.com/ShopProfiles/26249.jpg,682,905,13
8366,누죤,XT,010-3254-5103,NUZZON 5F 103호,https://sokodress.s3.ap-northeast-2.amazonaws.com/ShopProfiles/8366.jpg,"2,529","3,423",5
25194,누죤,gunner거너,010-4811-2428,NUZZON 6F 611호,https://sokodress.s3.ap-northeast-2.amazonaws.com/ShopProfiles/25194.jpg,377,"1,125",0
24558,누죤,picnic피크닉,02-6366-6444,NUZZON 4F 706호,https://sokodress.s3.ap-northeast-2.amazonaws.com/ShopProfiles/24558.jpg,"1,359","6,600",21
15983,누죤,sunny,02-6366-5777,NUZZON B2 218호,https://sokodress.s3.ap-northeast-2.amazonaws.com/ShopProfiles/15983.jpg,799,"1,934",1
3699,누죤,에덴,02-6366-6223,NUZZON 6F 619호,https://sokodress.s3.ap-northeast-2.amazonaws.com/ShopProfiles/3699.jpg,834,165,56
14337,누죤,sketch,02-6366-5599,NUZZON 6F 429호,https://sokodress.s3.ap-northeast-2.amazonaws.com/ShopProfiles/14337.jpg,"2,779",841,0
7079,누죤,아베크,02-6366-6661,NUZZON 5F 320호,https://sokodress.s3.ap-northeast-2.amazonaws.com/ShopProfiles/7079.jpg,"1,641","1,000",0
26881,누죤,margin,010-7141-8959,NUZZON 3F 603호,https://sokodress.s3.ap-northeast-2.amazonaws.com/ShopProfiles/26881.jpg,918,66,0
10364,누죤,item,02-6366-4688,NUZZON 1F 321호,https://sokodress.s3.ap-northeast-2.amazonaws.com/ShopProfiles/10364.jpg,458,"1,703",55
6422,누죤,H E STORY,010-6732-3243,NUZZON 3F 128호,https://sokodress.s3.ap-northeast-2.amazonaws.com/ShopProfiles/6422.jpg,792,"1,710",0
13812,누죤,캔디,02-6366-5590,NUZZON B2 225호,https://sokodress.s3.ap-northeast-2.amazonaws.com/ShopProfiles/13812.jpg,"2,816","6,470",5
4511,누죤,IZZI,02-6366-5553,NUZZON 2F 211호,https://sokodress.s3.ap-northeast-2.amazonaws.com/ShopProfiles/4511.jpg,531,906,1
14687,누죤,For You,02-6366-5151,NUZZON 3F 209호,https://sokodress.s3.ap-northeast-2.amazonaws.com/ShopProfiles/14687.jpg,706,891,0
13463,누죤,aurora,02-6366-5508,NUZZON B1 421호,https://sokodress.s3.ap-northeast-2.amazonaws.com/ShopProfiles/13463.jpg,"7,024","3,794",2
25347,누죤,칠라운드(chillround),010-4019-1149,NUZZON 4F 125호,https://sokodress.s3.ap-northeast-2.amazonaws.com/ShopProfiles/25347.jpg,457,"2,530",0
612,누죤,Dongdaemoon mall CASIO,010-2285-4118,NUZZON 4F 117호,https://sokodress.s3.ap-northeast-2.amazonaws.com/ShopProfiles/612.jpg,"2,389","2,393",656
26800,누죤,settle,010-5805-0714,NUZZON 6F 424호,https://sokodress.s3.ap-northeast-2.amazonaws.com/ShopProfiles/26800.jpg,244,62,0
15723,누죤,촌티,02-6366-6345,NUZZON B1 402호,https://sokodress.s3.ap-northeast-2.amazonaws.com/ShopProfiles/15723.jpg,182,346,0
750,누죤,TQ,010-4745-3102,NUZZON 6F 324호,https://sokodress.s3.ap-northeast-2.amazonaws.com/ShopProfiles/750.jpg,"1,793","1,013",0
25921,누죤,AONE에이원,010-8810-0856,NUZZON 6F 320호,https://sokodress.s3.ap-northeast-2.amazonaws.com/ShopProfiles/25921.jpg,325,503,0
2597,누죤,ggang,02-2232-9664,NUZZON B2 202호,https://sokodress.s3.ap-northeast-2.amazonaws.com/ShopProfiles/2597.jpg,"3,924",496,0
21867,누죤,veil,010-8408-8321,NUZZON 5F 114호,https://sokodress.s3.ap-northeast-2.amazonaws.com/ShopProfiles/21867.jpg,"1,648","2,858",0
5353,누죤,alife,02-6366-6215,NUZZON 6F 215호,https://sokodress.s3.ap-northeast-2.amazonaws.com/ShopProfiles/5353.jpg,879,421,1
17073,누죤,RACOON.,02-6366-5077,NUZZON 6F 129호,https://sokodress.s3.ap-northeast-2.amazonaws.com/ShopProfiles/17073.jpg,979,280,0
2664,누죤,yaming,010-6244-6560,NUZZON B1 614호,https://sokodress.s3.ap-northeast-2.amazonaws.com/ShopProfiles/2664.jpg,956,"4,175",0
25042,누죤,글린트(GLINT),010-3519-9459,NUZZON 2F 310호,https://sokodress.s3.ap-northeast-2.amazonaws.com/ShopProfiles/25042.jpg,433,449,1
21502,누죤,이븐데이즈,010-8072-6963,NUZZON 4F 102호,https://sokodress.s3.ap-northeast-2.amazonaws.com/ShopProfiles/21502.jpg,"2,382","4,219",1
17307,누죤,JAVA,010-7590-2417,NUZZON B1 608호,https://sokodress.s3.ap-northeast-2.amazonaws.com/ShopProfiles/17307.jpg,"2,317","12,446",470
17662,누죤,뽀빠이,02-2236-8276,NUZZON B1 705호,https://sokodress.s3.ap-northeast-2.amazonaws.com/ShopProfiles/17662.jpg,"1,563","2,628",0
1099,누죤,MOMO,02-6366-3142,NUZZON B2 711호,https://sokodress.s3.ap-northeast-2.amazonaws.com/ShopProfiles/1099.jpg,"1,051","3,014",0
7260,누죤,닛시,02-6366-5949,NUZZON 3F 301호,https://sokodress.s3.ap-northeast-2.amazonaws.com/ShopProfiles/7260.jpg,776,302,0
9786,누죤,수피아,010-2868-3357,NUZZON B2 307호,https://sokodress.s3.ap-northeast-2.amazonaws.com/ShopProfiles/9786.jpg,"1,544",93,0
2688,누죤,UNIONSEOUL,02-6366-4999,NUZZON 6F 407호,https://sokodress.s3.ap-northeast-2.amazonaws.com/ShopProfiles/2688.jpg,"2,523",130,0
4858,누죤,SJ,02-6366-3621,NUZZON 3F 614호,https://sokodress.s3.ap-northeast-2.amazonaws.com/ShopProfiles/4858.jpg,829,"1,654",0
27195,누죤,onz,010-6321-6366,NUZZON 2F 507호,https://sokodress.s3.ap-northeast-2.amazonaws.com/ShopProfiles/27195.jpg,31,47,0
9299,누죤,two rabbit,02-6366-6687,NUZZON 6F 223호,https://sokodress.s3.ap-northeast-2.amazonaws.com/ShopProfiles/9299.jpg,"2,436","1,559",0
26931,누죤,LEPEL,010-9089-6294,NUZZON 5F 509호,https://sokodress.s3.ap-northeast-2.amazonaws.com/ShopProfiles/26931.jpg,118,89,0
14970,누죤,카포,02-6366-6772,NUZZON B2 107호,https://sokodress.s3.ap-northeast-2.amazonaws.com/ShopProfiles/14970.jpg,451,"2,344",1
13745,누죤,noir,010-3116-1059,NUZZON 3F 221호,https://sokodress.s3.ap-northeast-2.amazonaws.com/ShopProfiles/13745.jpg,"1,632","3,237",0
25408,누죤,Rumor루머,010-9177-0107,NUZZON 5F 106호,https://sokodress.s3.ap-northeast-2.amazonaws.com/ShopProfiles/25408.jpg,502,356,0
14586,누죤,paparazzi,02-6366-5050,NUZZON 2F 203호,https://sokodress.s3.ap-northeast-2.amazonaws.com/ShopProfiles/14586.jpg,838,"2,675",6
15660,누죤,인디오,010-4911-5214,NUZZON 5F 214호,https://sokodress.s3.ap-northeast-2.amazonaws.com/ShopProfiles/15660.jpg,948,42,0
2791,누죤,song,02-6366-6365,NUZZON 1F 317호,https://sokodress.s3.ap-northeast-2.amazonaws.com/ShopProfiles/2791.jpg,"6,207","14,377",0
18232,누죤,Epilogue,010-8072-1603,NUZZON 5F 513호,https://sokodress.s3.ap-northeast-2.amazonaws.com/ShopProfiles/18232.jpg,"1,170","2,535",0
24032,누죤,DE THEY,010-8496-6130,NUZZON 6F 130호,https://sokodress.s3.ap-northeast-2.amazonaws.com/ShopProfiles/24032.jpg,269,90,0
8028,누죤,슬렉스데니미,02-6366-3313,NUZZON 3F 222호,https://sokodress.s3.ap-northeast-2.amazonaws.com/ShopProfiles/8028.jpg,585,172,0
10651,누죤,manionae,02-6366-6068,NUZZON B1 425호,https://sokodress.s3.ap-northeast-2.amazonaws.com/ShopProfiles/10651.jpg,579,"2,327",474
24575,누죤,BOX.O,010-5784-6677,NUZZON B1 304호,https://sokodress.s3.ap-northeast-2.amazonaws.com/ShopProfiles/24575.jpg,678,160,0
19064,누죤,IRERI,02-6366-3156,NUZZON 6F 315호,https://sokodress.s3.ap-northeast-2.amazonaws.com/ShopProfiles/19064.jpg,758,47,0
2698,누죤,void,02-6366-6321,NUZZON 6F 321호,https://sokodress.s3.ap-northeast-2.amazonaws.com/ShopProfiles/2698.jpg,"2,135",157,0
3187,누죤,RADIO,02-6366-3331,NUZZON 2F 322호,https://sokodress.s3.ap-northeast-2.amazonaws.com/ShopProfiles/3187.jpg,794,505,9
14047,누죤,Pablo,010-3089-8607,NUZZON 5F 518호,https://sokodress.s3.ap-northeast-2.amazonaws.com/ShopProfiles/14047.jpg,"2,866","1,814",9
4971,누죤,이센트릭 좀비,02-2233-9811,Nam Pyunghwa 2F 15호,https://sokodress.s3.ap-northeast-2.amazonaws.com/ShopProfiles/4971.jpg,"2,349","3,050",1
12985,누죤,Return,010-3412-5515,NUZZON B1 515호,https://sokodress.s3.ap-northeast-2.amazonaws.com/ShopProfiles/12985.jpg,"10,050","16,284",27
2390,누죤,Vibey,02-6366-4380,NUZZON 3F 407호,https://sokodress.s3.ap-northeast-2.amazonaws.com/ShopProfiles/2390.jpg,595,"2,007",4
2962,누죤,warang,010-2500-3085,NUZZON 1F 207호,https://sokodress.s3.ap-northeast-2.amazonaws.com/ShopProfiles/2962.jpg,"4,334","3,240",2
7409,누죤,Monami,02-2231-7967,NUZZON 3F 223호,https://sokodress.s3.ap-northeast-2.amazonaws.com/ShopProfiles/7409.jpg,"1,501","4,461",2
12426,누죤,Take Trend,02-6366-3811,NUZZON 3F 616호,https://sokodress.s3.ap-northeast-2.amazonaws.com/ShopProfiles/12426.jpg,666,269,0
810,누죤,위너,02-6366-3230,NUZZON 5F 326호,https://sokodress.s3.ap-northeast-2.amazonaws.com/ShopProfiles/810.jpg,"1,666",467,0
20061,누죤,flex,010-6438-7735,NUZZON B1 506호,https://sokodress.s3.ap-northeast-2.amazonaws.com/ShopProfiles/20061.jpg,"2,321","8,112",0
18496,누죤,then,010-5808-1604,NUZZON 6F 415호,https://sokodress.s3.ap-northeast-2.amazonaws.com/ShopProfiles/18496.jpg,"1,719","5,041",0
3483,누죤,샤인,02-6366-3523,NUZZON 3F 523호,https://sokodress.s3.ap-northeast-2.amazonaws.com/ShopProfiles/3483.jpg,"2,345",135,0
1510,누죤,웨어하우스,02-6366-5552,NUZZON 6F 226호,https://sokodress.s3.ap-northeast-2.amazonaws.com/ShopProfiles/1510.jpg,"5,584","4,825",2
1012,누죤,Queen,02-2232-3239,NUZZON B2 223호,https://sokodress.s3.ap-northeast-2.amazonaws.com/ShopProfiles/1012.jpg,"1,249",167,0
669,누죤,프라임,010-5850-6693,NUZZON 3F 415호,https://sokodress.s3.ap-northeast-2.amazonaws.com/ShopProfiles/669.jpg,"1,428","2,079",4
5539,누죤,M%,010-2381-9323,NUZZON 2F 601호,https://sokodress.s3.ap-northeast-2.amazonaws.com/ShopProfiles/5539.jpg,"3,476",231,0
20470,누죤,KuKus,02-2232-6769,ChungPyungHwa 3F 나44호,https://sokodress.s3.ap-northeast-2.amazonaws.com/ShopProfiles/20470.jpg,412,952,511
7890,누죤,왕창사,02-6366-4664,NUZZON B2 221호,https://sokodress.s3.ap-northeast-2.amazonaws.com/ShopProfiles/7890.jpg,"2,874","10,212",4
6005,누죤,At corner231,02-6366-6911,NUZZON 6F 231호,https://sokodress.s3.ap-northeast-2.amazonaws.com/ShopProfiles/6005.jpg,"5,400",910,0
26761,누죤,swap,010-9813-3003,NUZZON 3F 204호,https://sokodress.s3.ap-northeast-2.amazonaws.com/ShopProfiles/26761.jpg,102,44,0
4033,누죤,에스엠,010-7623-6679,NUZZON 5F 205호,https://sokodress.s3.ap-northeast-2.amazonaws.com/ShopProfiles/4033.jpg,"12,204","38,419",22
9388,누죤,Believe,02-6366-5125,NUZZON 6F 125호,https://sokodress.s3.ap-northeast-2.amazonaws.com/ShopProfiles/9388.jpg,"2,522",425,0
7642,누죤,승아market,010-2243-4171,NUZZON B2 617호,https://sokodress.s3.ap-northeast-2.amazonaws.com/ShopProfiles/7642.jpg,"3,048","20,757",14
2556,누죤,DUOMO,02-6366-5406,NUZZON 3F 210호,https://sokodress.s3.ap-northeast-2.amazonaws.com/ShopProfiles/2556.jpg,"1,340","1,819",0
14602,누죤,PPseoul,010-4144-6302,NUZZON 5F 405호,https://sokodress.s3.ap-northeast-2.amazonaws.com/ShopProfiles/14602.jpg,"4,356","2,224",0
27196,누죤,MELT,010-3186-9288,NUZZON B1 606호,https://sokodress.s3.ap-northeast-2.amazonaws.com/ShopProfiles/27196.jpg,259,218,0
4064,누죤,JJ,02-6366-3626,NUZZON B1 713호,https://sokodress.s3.ap-northeast-2.amazonaws.com/ShopProfiles/4064.jpg,539,"5,745",146
4598,누죤,테일러,02-6366-3511,NUZZON 3F 406호,https://sokodress.s3.ap-northeast-2.amazonaws.com/ShopProfiles/4598.jpg,499,"1,235",0
24390,누죤,AVOIR,010-5911-3504,NUZZON 3F 504호,https://sokodress.s3.ap-northeast-2.amazonaws.com/ShopProfiles/24390.jpg,"1,575","1,583",0
13506,누죤,Marco,02-6366-6645,NUZZON 6F 411호,https://sokodress.s3.ap-northeast-2.amazonaws.com/ShopProfiles/13506.jpg,923,"2,256",1
24583,누죤,chipper,010-2351-5591,NUZZON B1 212호,https://sokodress.s3.ap-northeast-2.amazonaws.com/ShopProfiles/24583.jpg,"1,091",953,0
18465,누죤,AROMI,02-6366-4060,NUZZON 2F 514호,https://sokodress.s3.ap-northeast-2.amazonaws.com/ShopProfiles/18465.jpg,519,421,0
11797,누죤,Lovely,02-2236-9546,NUZZON B1 715호,https://sokodress.s3.ap-northeast-2.amazonaws.com/ShopProfiles/11797.jpg,"12,599","31,721",10
20086,누죤,나이스미츄,010-4049-3086,NUZZON B1 525호,https://sokodress.s3.ap-northeast-2.amazonaws.com/ShopProfiles/20086.jpg,"3,492","8,083",3
22415,누죤,Lowenn,02-6366-3651,NUZZON B1 719호,https://sokodress.s3.ap-northeast-2.amazonaws.com/ShopProfiles/22415.jpg,523,874,57
12766,누죤,PRINCE,02-6366-5546,NUZZON 3F 607호,https://sokodress.s3.ap-northeast-2.amazonaws.com/ShopProfiles/12766.jpg,755,20,0
4640,누죤,히트,02-6366-4263,NUZZON 3F 219호,https://sokodress.s3.ap-northeast-2.amazonaws.com/ShopProfiles/4640.jpg,"1,380","2,090",0
26406,누죤,Maxi Max,010-9095-5872,NUZZON B1 313호,https://sokodress.s3.ap-northeast-2.amazonaws.com/ShopProfiles/26406.jpg,"1,175","1,205",8
24897,누죤,MUTE,010-5781-6322,NUZZON 6F 419호,https://sokodress.s3.ap-northeast-2.amazonaws.com/ShopProfiles/24897.jpg,799,"1,709",0
20079,누죤,LUS,010-5623-4125,NUZZON B1 123호,https://sokodress.s3.ap-northeast-2.amazonaws.com/ShopProfiles/20079.jpg,"1,604","5,260",1
7213,누죤,일인치,010-3725-0907,NUZZON 6F 523호,https://sokodress.s3.ap-northeast-2.amazonaws.com/ShopProfiles/7213.jpg,"1,461","8,094",0
13420,누죤,Bellybutton,02-6366-6663,NUZZON 6F 605호,https://sokodress.s3.ap-northeast-2.amazonaws.com/ShopProfiles/13420.jpg,"1,318",142,0
23131,누죤,LEGACY,010-4151-3286,NUZZON 6F 409호,https://sokodress.s3.ap-northeast-2.amazonaws.com/ShopProfiles/23131.jpg,443,47,0
13523,누죤,베스트(더킹),010-9402-2885,NUZZON 4F 624호,https://sokodress.s3.ap-northeast-2.amazonaws.com/ShopProfiles/13523.jpg,"2,759","4,797",0
2,누죤,체리걸,02-1566-6523,THEOT B2 C21,https://sokodress.s3.ap-northeast-2.amazonaws.com/ShopProfiles/2.jpg,77,"2,462","2,392"
10014,누죤,oneweek,070-7555-0401,NUZZON 5F 414호,https://sokodress.s3.ap-northeast-2.amazonaws.com/ShopProfiles/10014.jpg,"2,625","4,217",0
2384,누죤,PINO,02-6366-6066,NUZZON 6F 621호,https://sokodress.s3.ap-northeast-2.amazonaws.com/ShopProfiles/2384.jpg,"3,134","5,593",11
10238,누죤,ALOM,02-6366-5523,NUZZON 5F 523호,https://sokodress.s3.ap-northeast-2.amazonaws.com/ShopProfiles/10238.jpg,870,181,0
16741,누죤,GOAT,02-6366-3036,NUZZON 6F 103호,https://sokodress.s3.ap-northeast-2.amazonaws.com/ShopProfiles/16741.jpg,"1,201","3,016",0
1506,누죤,FEEL,010-4198-6543,NUZZON 2F 414호,https://sokodress.s3.ap-northeast-2.amazonaws.com/ShopProfiles/1506.jpg,"2,758","7,068",0
1691,누죤,카시오매니아,010-7689-5181,NUZZON 5F 109호,https://sokodress.s3.ap-northeast-2.amazonaws.com/ShopProfiles/1691.jpg,"1,964",949,0
14286,누죤,Moss,010-7632-1710,NUZZON 5F 305호,https://sokodress.s3.ap-northeast-2.amazonaws.com/ShopProfiles/14286.jpg,"4,750","2,176",0
14287,누죤,SICKOS,02-6366-4433,NUZZON 6F 502호,https://sokodress.s3.ap-northeast-2.amazonaws.com/ShopProfiles/14287.jpg,"3,455",526,4
14351,누죤,coy,02-6366-5115,NUZZON B1 404호,https://sokodress.s3.ap-northeast-2.amazonaws.com/ShopProfiles/14351.jpg,"5,754","13,031",35
12987,누죤,비전,02-6366-5515,Shin Pyunghwa B 4F 27호,https://sokodress.s3.ap-northeast-2.amazonaws.com/ShopProfiles/12987.jpg,"4,038","10,221",22
16463,누죤,다다지니,02-6366-6004,NUZZON 4F 612호,https://sokodress.s3.ap-northeast-2.amazonaws.com/ShopProfiles/16463.jpg,"7,764","15,374",2
5681,누죤,누나부트,010-8604-1749,NUZZON 1F 308호,https://sokodress.s3.ap-northeast-2.amazonaws.com/ShopProfiles/5681.jpg,"1,447","2,025",20
6176,누죤,CAMP,02-6366-3790,NUZZON 6F 425호,https://sokodress.s3.ap-northeast-2.amazonaws.com/ShopProfiles/6176.jpg,817,"2,708",0
24269,누죤,hoodie,02-6366-6414,NUZZON 6F 414호,https://sokodress.s3.ap-northeast-2.amazonaws.com/ShopProfiles/24269.jpg,678,223,0
24368,누죤,Newbies,010-8456-8515,NUZZON 5F 419호,https://sokodress.s3.ap-northeast-2.amazonaws.com/ShopProfiles/24368.jpg,347,397,0
10179,누죤,middle way,02-6366-3575,NUZZON B1 604호,https://sokodress.s3.ap-northeast-2.amazonaws.com/ShopProfiles/10179.jpg,"1,550",251,0
8364,누죤,WEME,02-6366-6160,NUZZON 2F 616호,https://sokodress.s3.ap-northeast-2.amazonaws.com/ShopProfiles/8364.jpg,605,137,0
22863,누죤,Middle,010-9908-0556,NUZZON 5F 504호,https://sokodress.s3.ap-northeast-2.amazonaws.com/ShopProfiles/22863.jpg,"1,645","5,992",0
9890,누죤,블랙87,010-5517-8311,NUZZON 5F 303호,https://sokodress.s3.ap-northeast-2.amazonaws.com/ShopProfiles/9890.jpg,"1,877",452,0
5846,누죤,mccoy,02-6366-3620,NUZZON 6F 112호,https://sokodress.s3.ap-northeast-2.amazonaws.com/ShopProfiles/5846.jpg,865,"1,195",0
14503,누죤,JJUNY,010-4541-1943,NUZZON B1 001,https://sokodress.s3.ap-northeast-2.amazonaws.com/ShopProfiles/14503.jpg,"5,368","8,971",1
11450,누죤,macbrother,010-2006-8705,NUZZON 3F 202호,https://sokodress.s3.ap-northeast-2.amazonaws.com/ShopProfiles/11450.jpg,"1,795","2,038",2
3350,누죤,Nagane,02-6366-3781,NUZZON 5F 328호,https://sokodress.s3.ap-northeast-2.amazonaws.com/ShopProfiles/3350.jpg,"2,127","6,505",26
26848,누죤,Lagom,010-8350-1990,NUZZON 6F 106호,https://sokodress.s3.ap-northeast-2.amazonaws.com/ShopProfiles/26848.jpg,49,78,0
26152,누죤,Hamel,010-3320-7855,NUZZON 6F 127호,https://sokodress.s3.ap-northeast-2.amazonaws.com/ShopProfiles/26152.jpg,641,908,2
2713,누죤,36.5,02-6366-3656,NUZZON 6F 225호,https://sokodress.s3.ap-northeast-2.amazonaws.com/ShopProfiles/2713.jpg,"6,257","7,401",0
23119,누죤,month,010-3769-2609,NUZZON 5F 510호,https://sokodress.s3.ap-northeast-2.amazonaws.com/ShopProfiles/23119.jpg,724,286,0
454,누죤,스타일EA,02-6366-5509,NUZZON 4F 701호,https://sokodress.s3.ap-northeast-2.amazonaws.com/ShopProfiles/454.jpg,823,585,0
4235,누죤,VIKINI,02-6366-4760,NUZZON 1F 401호,https://sokodress.s3.ap-northeast-2.amazonaws.com/ShopProfiles/4235.jpg,"1,858","3,968",0
27365,누죤,nuffnuff,010-3340-0881,NUZZON 5F 410호,https://sokodress.s3.ap-northeast-2.amazonaws.com/ShopProfiles/27365.jpg,16,12,0
26977,누죤,ALLTHE,010-7548-9180,NUZZON 3F 618호,https://sokodress.s3.ap-northeast-2.amazonaws.com/ShopProfiles/26977.jpg,246,228,0
12926,누죤,더블링,02-6366-3177,NUZZON B1 623호,https://sokodress.s3.ap-northeast-2.amazonaws.com/ShopProfiles/12926.jpg,735,"7,532",1
11236,누죤,NICKY7,010-3266-1792,NUZZON 4F 915호,https://sokodress.s3.ap-northeast-2.amazonaws.com/ShopProfiles/11236.jpg,"2,863","18,362",33
10355,누죤,투영,010-5664-6531,NUZZON 6F 509호,https://sokodress.s3.ap-northeast-2.amazonaws.com/ShopProfiles/10355.jpg,921,"8,209",0
20033,누죤,grace,02-6366-6006,NUZZON B2 609호,https://sokodress.s3.ap-northeast-2.amazonaws.com/ShopProfiles/20033.jpg,245,"2,838",46
24000,누죤,lemay,010-5779-6327,NUZZON 6F 327호,https://sokodress.s3.ap-northeast-2.amazonaws.com/ShopProfiles/24000.jpg,731,"1,148",0
22666,누죤,FLOU,010-4646-5082,NUZZON B1 701호,https://sokodress.s3.ap-northeast-2.amazonaws.com/ShopProfiles/22666.jpg,"4,730",369,0
15360,누죤,RalRaRia,010-9095-5809,NUZZON B1 315호,https://sokodress.s3.ap-northeast-2.amazonaws.com/ShopProfiles/15360.jpg,"14,220","33,698",246
15745,누죤,맘마미아,02-6366-5666,NUZZON B1 309호,https://sokodress.s3.ap-northeast-2.amazonaws.com/ShopProfiles/15745.jpg,560,"1,178",145
14592,누죤,moolgoki,010-4246-5518,NUZZON B1 320호,https://sokodress.s3.ap-northeast-2.amazonaws.com/ShopProfiles/14592.jpg,"5,334","1,336",0
3031,누죤,로리타,02-6366-6977,NUZZON 4F 619호,https://sokodress.s3.ap-northeast-2.amazonaws.com/ShopProfiles/3031.jpg,"3,982","1,077",2
5219,누죤,위트앤원더,02-6366-6114,NUZZON 6F 521호,https://sokodress.s3.ap-northeast-2.amazonaws.com/ShopProfiles/5219.jpg,"3,952","9,002",11
14828,누죤,appletree,02-6366-3983,NUZZON 2F 119호,https://sokodress.s3.ap-northeast-2.amazonaws.com/ShopProfiles/14828.jpg,"6,078","15,888",3
18691,누죤,LK TREND,010-6238-5740,NUZZON 3F 216호,https://sokodress.s3.ap-northeast-2.amazonaws.com/ShopProfiles/18691.jpg,585,647,28
18233,누죤,즐겨찾기,010-8541-9009,NUZZON B2 109호,https://sokodress.s3.ap-northeast-2.amazonaws.com/ShopProfiles/18233.jpg,"3,041","13,092",2
16563,누죤,THE HAPPY,010-2225-3551,NUZZON 1F 418호,https://sokodress.s3.ap-northeast-2.amazonaws.com/ShopProfiles/16563.jpg,"1,010","3,260",1
462,누죤,아노이,02-6366-5550,NUZZON 2F 131호,https://sokodress.s3.ap-northeast-2.amazonaws.com/ShopProfiles/462.jpg,799,"1,115",0
6659,누죤,cap zone,02-6366-6625,NUZZON 5F 618호,https://sokodress.s3.ap-northeast-2.amazonaws.com/ShopProfiles/6659.jpg,"1,039",941,0
7042,누죤,Moden,02-2233-3436,NUZZON 6F 427호,https://sokodress.s3.ap-northeast-2.amazonaws.com/ShopProfiles/7042.jpg,"2,726","1,215",0
2582,누죤,데뷰,02-6366-4908,NUZZON 4F 601호,https://sokodress.s3.ap-northeast-2.amazonaws.com/ShopProfiles/2582.jpg,"1,825","2,557",2
3853,누죤,FERLE,010-8789-9933,NUZZON 4F 806호,https://sokodress.s3.ap-northeast-2.amazonaws.com/ShopProfiles/3853.jpg,"1,706","18,434",30
3989,누죤,some.j,02-6366-3512,NUZZON B2 401호,https://sokodress.s3.ap-northeast-2.amazonaws.com/ShopProfiles/3989.jpg,"4,595","8,363",1
10156,누죤,카인드,02-6366-6666,NUZZON 6F 229호,https://sokodress.s3.ap-northeast-2.amazonaws.com/ShopProfiles/10156.jpg,"4,785","3,561",0
16539,누죤,알키미스트,02-6366-5098,NUZZON 1F 110호,https://sokodress.s3.ap-northeast-2.amazonaws.com/ShopProfiles/16539.jpg,"1,192","5,436",0
6862,누죤,ailla,010-9436-6406,NUZZON 6F 405호,https://sokodress.s3.ap-northeast-2.amazonaws.com/ShopProfiles/6862.jpg,"3,426","1,263",2
9363,누죤,ONE TAKE,02-6366-3132,NUZZON 3F 102호,https://sokodress.s3.ap-northeast-2.amazonaws.com/ShopProfiles/9363.jpg,"1,097","1,805",0
2149,누죤,바니,02-6366-3317,NUZZON B2 317호,https://sokodress.s3.ap-northeast-2.amazonaws.com/ShopProfiles/2149.jpg,"2,192","1,643",0
2898,누죤,4.5,02-6366-3515,NUZZON 3F 317호,https://sokodress.s3.ap-northeast-2.amazonaws.com/ShopProfiles/2898.jpg,"1,550","2,577",0
17096,누죤,바론,02-2250-1033,APM 4F 39,https://sokodress.s3.ap-northeast-2.amazonaws.com/ShopProfiles/17096.jpg,"3,028","5,852",0
20509,누죤,MB20,010-5566-2382,NUZZON 4F 610호,https://sokodress.s3.ap-northeast-2.amazonaws.com/ShopProfiles/20509.jpg,855,722,0
19208,누죤,vera,010-4022-4929,NUZZON 5F 125호,https://sokodress.s3.ap-northeast-2.amazonaws.com/ShopProfiles/19208.jpg,"2,421","5,820",0
24940,누죤,SaintMartin(세인트마틴),010-5450-9296,NUZZON 6F 118호,https://sokodress.s3.ap-northeast-2.amazonaws.com/ShopProfiles/24940.jpg,828,388,0
16895,누죤,제이프랑,010-3121-2988,NUZZON 4F 206호,https://sokodress.s3.ap-northeast-2.amazonaws.com/ShopProfiles/16895.jpg,"1,272","2,322",14
18589,누죤,딜라잇,010-4779-3663,NUZZON 2F 205호,https://sokodress.s3.ap-northeast-2.amazonaws.com/ShopProfiles/18589.jpg,"8,284","23,931",134
13440,누죤,JJUNY,010-4459-5939,NUZZON 1F 306호,https://sokodress.s3.ap-northeast-2.amazonaws.com/ShopProfiles/13440.jpg,507,549,104
4488,누죤,y s h,010-9198-5004,NUZZON 6F 607호,https://sokodress.s3.ap-northeast-2.amazonaws.com/ShopProfiles/4488.jpg,"4,851","10,192",19
5802,누죤,EDGE,02-2234-2468,NUZZON B1 105호,https://sokodress.s3.ap-northeast-2.amazonaws.com/ShopProfiles/5802.jpg,288,571,0
18562,누죤,GROW,02-6366-6416,NUZZON 6F 417호,https://sokodress.s3.ap-northeast-2.amazonaws.com/ShopProfiles/18562.jpg,734,"1,268",0
2596,누죤,gold rush,010-5749-3680,NUZZON B1 609호,https://sokodress.s3.ap-northeast-2.amazonaws.com/ShopProfiles/2596.jpg,"7,940","32,519",6
20471,누죤,tension,02-6366-6746,NUZZON 2F 229호,https://sokodress.s3.ap-northeast-2.amazonaws.com/ShopProfiles/20471.jpg,388,599,2
11836,누죤,poten,02-6366-3634,NUZZON 6F 201호,https://sokodress.s3.ap-northeast-2.amazonaws.com/ShopProfiles/11836.jpg,"1,626","1,141",0
22829,누죤,DowGwoN,010-6330-1459,NUZZON B1 104호,https://sokodress.s3.ap-northeast-2.amazonaws.com/ShopProfiles/22829.jpg,713,"2,741",10
1202,누죤,어반화이트,02-6366-3426,NUZZON 3F 609호,https://sokodress.s3.ap-northeast-2.amazonaws.com/ShopProfiles/1202.jpg,"3,773","4,935",30
21889,누죤,온앤오프,010-9096-1500,NUZZON 3F 320호,https://sokodress.s3.ap-northeast-2.amazonaws.com/ShopProfiles/21889.jpg,541,708,1
27189,누죤,SLOG,010-8780-0823,NUZZON 3F 429,https://sokodress.s3.ap-northeast-2.amazonaws.com/ShopProfiles/27189.jpg,155,107,0
11000,누죤,In2,010-5916-8985,NUZZON B1 706호,https://sokodress.s3.ap-northeast-2.amazonaws.com/ShopProfiles/11000.jpg,"2,670","6,491",5
12910,누죤,lissome,02-2117-4908,THEOT B2 B14,https://sokodress.s3.ap-northeast-2.amazonaws.com/ShopProfiles/12910.jpg,"14,924","7,479",0
22577,누죤,별무리,02-6366-6122,NUZZON 1F 604호,https://sokodress.s3.ap-northeast-2.amazonaws.com/ShopProfiles/22577.jpg,193,485,0
1772,누죤,B747,010-8234-6747,NUZZON 6F 524호,https://sokodress.s3.ap-northeast-2.amazonaws.com/ShopProfiles/1772.jpg,"1,630","2,530",0
24886,누죤,보네르,010-4027-5333,NUZZON 2F 417호,https://sokodress.s3.ap-northeast-2.amazonaws.com/ShopProfiles/24886.jpg,37,164,0
20102,누죤,govern,02-6366-5234,NUZZON 6F 515호,https://sokodress.s3.ap-northeast-2.amazonaws.com/ShopProfiles/20102.jpg,717,885,0
19528,누죤,lefou,02-6366-4703,NUZZON 4F 207호,https://sokodress.s3.ap-northeast-2.amazonaws.com/ShopProfiles/19528.jpg,459,317,0
11713,누죤,Lowellj,010-8030-3835,NUZZON B1 511호,https://sokodress.s3.ap-northeast-2.amazonaws.com/ShopProfiles/11713.jpg,"5,697","6,438",0
27141,누죤,shiny,010-8226-0415,Studio W 3F 15호,https://sokodress.s3.ap-northeast-2.amazonaws.com/ShopProfiles/27141.jpg,108,122,0
26840,누죤,DILLY,010-2241-7735,NUZZON 6F 105호,https://sokodress.s3.ap-northeast-2.amazonaws.com/ShopProfiles/26840.jpg,74,32,0
15626,누죤,BABA,010-6654-4996,NUZZON 4F 804호,https://sokodress.s3.ap-northeast-2.amazonaws.com/ShopProfiles/15626.jpg,"2,282","15,405",11
3342,누죤,ant,02-6366-6644,NUZZON 6F 322호,https://sokodress.s3.ap-northeast-2.amazonaws.com/ShopProfiles/3342.jpg,"3,890","7,030",0
4319,누죤,RED COVER & HEAVEN,02-6366-3282,NUZZON 4F 708호,https://sokodress.s3.ap-northeast-2.amazonaws.com/ShopProfiles/4319.jpg,852,659,1
16717,누죤,인터뷰,02-2231-7709,NUZZON 1F 106호,https://sokodress.s3.ap-northeast-2.amazonaws.com/ShopProfiles/16717.jpg,346,687,7
26748,누죤,mithril,010-4282-1663,NUZZON 5F 317호,https://sokodress.s3.ap-northeast-2.amazonaws.com/ShopProfiles/26748.jpg,96,37,0
6923,누죤,폭스힐,02-2233-1874,NUZZON 5F 133호,https://sokodress.s3.ap-northeast-2.amazonaws.com/ShopProfiles/6923.jpg,"1,042",747,3
24911,누죤,스토리,010-5790-5232,NUZZON 5F 232호,https://sokodress.s3.ap-northeast-2.amazonaws.com/ShopProfiles/24911.jpg,164,207,0
17512,누죤,soreno,010-3179-0819,NUZZON B1 718호,https://sokodress.s3.ap-northeast-2.amazonaws.com/ShopProfiles/17512.jpg,"4,405","9,395",0
9097,누죤,루미에르,010-3975-0757,NUZZON 4F 908호,https://sokodress.s3.ap-northeast-2.amazonaws.com/ShopProfiles/9097.jpg,"8,081",535,0
21915,누죤,4562SHOP,010-8081-7958,NUZZON 5F 213호,https://sokodress.s3.ap-northeast-2.amazonaws.com/ShopProfiles/21915.jpg,771,163,0
9173,누죤,빠오빼,010-7152-8440,Team204 3F 337호,https://sokodress.s3.ap-northeast-2.amazonaws.com/ShopProfiles/9173.jpg,"3,902","5,413",0
15506,누죤,cuz,010-8501-0049,NUZZON 4F 408호,https://sokodress.s3.ap-northeast-2.amazonaws.com/ShopProfiles/15506.jpg,"4,925","4,378",3
6054,누죤,DODGE,02-6366-3837,NUZZON 5F 223호,https://sokodress.s3.ap-northeast-2.amazonaws.com/ShopProfiles/6054.jpg,"5,463","10,523",7
7010,누죤,1percent,02-2231-2166,NUZZON 3F 621호,https://sokodress.s3.ap-northeast-2.amazonaws.com/ShopProfiles/7010.jpg,"6,399","1,122",0
1839,누죤,ALO,02-6366-3993,NUZZON 6F 512호,https://sokodress.s3.ap-northeast-2.amazonaws.com/ShopProfiles/1839.jpg,"3,354","6,399",5
14683,누죤,NOTE,02-6366-6410,NUZZON 6F 410호,https://sokodress.s3.ap-northeast-2.amazonaws.com/ShopProfiles/14683.jpg,"1,198","2,410",6
22178,누죤,록시,02-6366-3285,NUZZON 4F 703호,https://sokodress.s3.ap-northeast-2.amazonaws.com/ShopProfiles/22178.jpg,267,874,12
5844,누죤,Jessica,010-6269-0558,NUZZON 1F 531호,https://sokodress.s3.ap-northeast-2.amazonaws.com/ShopProfiles/5844.jpg,934,36,0
25272,누죤,weather store 웨더 스토어,010-2343-9596,NUZZON 5F 209호,https://sokodress.s3.ap-northeast-2.amazonaws.com/ShopProfiles/25272.jpg,936,927,0
78,누죤,HACO,02-6366-4959,NUZZON 2F 326호,https://sokodress.s3.ap-northeast-2.amazonaws.com/ShopProfiles/78.jpg,"1,155",98,35
4016,누죤,The LAST,010-9302-0418,NUZZON 4F 911호,https://sokodress.s3.ap-northeast-2.amazonaws.com/ShopProfiles/4016.jpg,"1,647","3,781",123
25327,누죤,로저무어,010-6703-3217,NUZZON 3F 217호,https://sokodress.s3.ap-northeast-2.amazonaws.com/ShopProfiles/25327.jpg,83,835,0
19894,누죤,프란시스,010-7922-8530,NUZZON 3F 113호,https://sokodress.s3.ap-northeast-2.amazonaws.com/ShopProfiles/19894.jpg,"1,428","2,458",0
6654,누죤,에코,02-6366-4334,NUZZON B1 620호,https://sokodress.s3.ap-northeast-2.amazonaws.com/ShopProfiles/6654.jpg,"3,794","1,304",1
27103,누죤,HOLDON,010-5885-9294,NUZZON B1 122호,https://sokodress.s3.ap-northeast-2.amazonaws.com/ShopProfiles/27103.jpg,210,276,0
2278,누죤,colorless,02-6366-6023,NUZZON B1 210호,https://sokodress.s3.ap-northeast-2.amazonaws.com/ShopProfiles/2278.jpg,"15,466",190,0
8984,누죤,ovely,010-2386-2515,NUZZON B1 615호,https://sokodress.s3.ap-northeast-2.amazonaws.com/ShopProfiles/8984.jpg,"18,341","25,781",4
13309,누죤,태성,02-6366-5133,NUZZON 4F 307호,https://sokodress.s3.ap-northeast-2.amazonaws.com/ShopProfiles/13309.jpg,"3,831","1,727",2
15056,누죤,BUNNY,010-3179-9711,NUZZON 5F 616호,https://sokodress.s3.ap-northeast-2.amazonaws.com/ShopProfiles/15056.jpg,"2,611","5,225",0
1574,누죤,룰루제이,010-8813-3299,NUZZON B2 216호,https://sokodress.s3.ap-northeast-2.amazonaws.com/ShopProfiles/1574.jpg,"5,994","15,645",105
5748,누죤,해피캣,010-5095-8941,NUZZON 1F 508호,https://sokodress.s3.ap-northeast-2.amazonaws.com/ShopProfiles/5748.jpg,458,38,0
19303,누죤,크림,02-2238-0126,NUZZON 1F 422호,https://sokodress.s3.ap-northeast-2.amazonaws.com/ShopProfiles/19303.jpg,472,896,76
21539,누죤,WAVE,010-8318-0034,NUZZON 5F 127호,https://sokodress.s3.ap-northeast-2.amazonaws.com/ShopProfiles/21539.jpg,"2,259",131,1
15613,누죤,booster,02-6366-6310,NUZZON 6F 310호,https://sokodress.s3.ap-northeast-2.amazonaws.com/ShopProfiles/15613.jpg,586,907,0
18380,누죤,Weekend,010-2168-2323,NUZZON 6F 613호,https://sokodress.s3.ap-northeast-2.amazonaws.com/ShopProfiles/18380.jpg,"2,438","1,468",0
13071,누죤,APOLLO,070-4038-0701,NUZZON 5F 119호,https://sokodress.s3.ap-northeast-2.amazonaws.com/ShopProfiles/13071.jpg,"2,020","3,523",1
19342,누죤,모모,02-6366-3142,NUZZON B2 806호,https://sokodress.s3.ap-northeast-2.amazonaws.com/ShopProfiles/19342.jpg,364,"1,139",1
26066,누죤,somsom,010-8213-8217,NUZZON B1 326호,https://sokodress.s3.ap-northeast-2.amazonaws.com/ShopProfiles/26066.jpg,997,"1,012",0
5540,누죤,트렁크,010-5423-5230,NUZZON 5F 230호,https://sokodress.s3.ap-northeast-2.amazonaws.com/ShopProfiles/5540.jpg,"6,038","13,420",72
5589,누죤,블루라벨,02-6366-3978,NUZZON 6F 422호,https://sokodress.s3.ap-northeast-2.amazonaws.com/ShopProfiles/5589.jpg,"1,034","1,695",0
19729,누죤,에이치,010-3809-3402,NUZZON 5F 308호,https://sokodress.s3.ap-northeast-2.amazonaws.com/ShopProfiles/19729.jpg,"2,907",805,0
2279,누죤,HOT KISS,02-6366-4488,NUZZON 1F 415호,https://sokodress.s3.ap-northeast-2.amazonaws.com/ShopProfiles/2279.jpg,704,292,0
7093,누죤,forman,02-6366-4311,NUZZON 3F 326호,https://sokodress.s3.ap-northeast-2.amazonaws.com/ShopProfiles/7093.jpg,667,"2,489",0
13815,누죤,LikeA,02-2117-8928,THEOT B1 C05,https://sokodress.s3.ap-northeast-2.amazonaws.com/ShopProfiles/13815.jpg,"3,711","8,668",2
21628,누죤,beyond21,02-6366-5815,NUZZON 3F 509호,https://sokodress.s3.ap-northeast-2.amazonaws.com/ShopProfiles/21628.jpg,340,"1,194",0
1206,누죤,깍쟁이,02-6366-5001,NUZZON 2F 520호,https://sokodress.s3.ap-northeast-2.amazonaws.com/ShopProfiles/1206.jpg,"1,524",245,14
14363,누죤,코코용,010-8220-0678,NUZZON 4F 927호,https://sokodress.s3.ap-northeast-2.amazonaws.com/ShopProfiles/14363.jpg,"3,226",310,19
9689,누죤,모스트,02-2235-0216,NUZZON 1F 511호,https://sokodress.s3.ap-northeast-2.amazonaws.com/ShopProfiles/9689.jpg,"3,403","4,642",5
10978,누죤,Iamshop,02-6366-5000,NUZZON B2 613호,https://sokodress.s3.ap-northeast-2.amazonaws.com/ShopProfiles/10978.jpg,"3,904","9,614",13
312,누죤,40324,02-6366-3333,NUZZON 6F 506호,https://sokodress.s3.ap-northeast-2.amazonaws.com/ShopProfiles/312.jpg,"3,896",159,0
13408,누죤,베르에르,010-4121-0696,NUZZON 3F 615호,https://sokodress.s3.ap-northeast-2.amazonaws.com/ShopProfiles/13408.jpg,339,"1,070",0
26221,누죤,LuLu Vin,010-5824-5518,NUZZON B1 318호,https://sokodress.s3.ap-northeast-2.amazonaws.com/ShopProfiles/26221.jpg,947,315,0
3818,누죤,dowon,02-6366-4124,NUZZON 4F 403호,https://sokodress.s3.ap-northeast-2.amazonaws.com/ShopProfiles/3818.jpg,"2,400","1,771",19
3637,누죤,5cm,02-6366-6209,NUZZON 3F 423호,https://sokodress.s3.ap-northeast-2.amazonaws.com/ShopProfiles/3637.jpg,"1,478",743,1
9575,누죤,보니타,02-6366-3226,NUZZON 1F 223호,https://sokodress.s3.ap-northeast-2.amazonaws.com/ShopProfiles/9575.jpg,705,754,5
10759,누죤,YAMUJIGE,02-6366-5897,NUZZON 1F 701호,https://sokodress.s3.ap-northeast-2.amazonaws.com/ShopProfiles/10759.jpg,"1,055","6,118",9
5395,누죤,GRAY,02-6366-3355,NUZZON 6F 609호,https://sokodress.s3.ap-northeast-2.amazonaws.com/ShopProfiles/5395.jpg,"1,263",618,1
17795,누죤,오네오라잇,02-6366-5527,NUZZON 3F 528,https://sokodress.s3.ap-northeast-2.amazonaws.com/ShopProfiles/17795.jpg,361,375,2
9232,누죤,coy,010-7229-7206,NUZZON 1F 221호,https://sokodress.s3.ap-northeast-2.amazonaws.com/ShopProfiles/9232.jpg,"1,156",209,0
21360,누죤,HERITAGE,010-2308-4280,NUZZON 5F 427호,https://sokodress.s3.ap-northeast-2.amazonaws.com/ShopProfiles/21360.jpg,"1,573",463,0
7665,누죤,BUFF,02-6366-4719,NUZZON 4F 501호,https://sokodress.s3.ap-northeast-2.amazonaws.com/ShopProfiles/7665.jpg,"3,099","3,918",40
13747,누죤,오뜨,02-6366-3476,NUZZON B1 627호,https://sokodress.s3.ap-northeast-2.amazonaws.com/ShopProfiles/13747.jpg,275,323,0
6810,누죤,뉴윙,02-6366-5804,NUZZON 1F 224호,https://sokodress.s3.ap-northeast-2.amazonaws.com/ShopProfiles/6810.jpg,"1,479",72,0
12494,누죤,zaba.j,02-6366-4977,NUZZON 1F 103호,https://sokodress.s3.ap-northeast-2.amazonaws.com/ShopProfiles/12494.jpg,477,"1,083",81
7930,누죤,블랙스미스,02-6366-5027,NUZZON 6F 527호,https://sokodress.s3.ap-northeast-2.amazonaws.com/ShopProfiles/7930.jpg,"2,103",801,0
26543,누죤,WMH,010-7788-3005,NUZZON 6F 514호,https://sokodress.s3.ap-northeast-2.amazonaws.com/ShopProfiles/26543.jpg,71,57,0
26844,누죤,thenavy,02-6366-6132,NUZZON 6F 132호,https://sokodress.s3.ap-northeast-2.amazonaws.com/ShopProfiles/26844.jpg,167,47,0
21910,누죤,WAVA,02-6366-6100,NUZZON 2F 606호,https://sokodress.s3.ap-northeast-2.amazonaws.com/ShopProfiles/21910.jpg,622,"2,112",0
2741,누죤,ADD,02-6366-6165,NUZZON 3F 324호,https://sokodress.s3.ap-northeast-2.amazonaws.com/ShopProfiles/2741.jpg,782,"1,949",164
20759,누죤,pigment_seoul,010-4977-6612,NUZZON 6F 612호,https://sokodress.s3.ap-northeast-2.amazonaws.com/ShopProfiles/20759.jpg,"2,478","1,781",2
941,누죤,어썸,010-5379-0635,Dong Pyunghwa 2F 가5호,https://sokodress.s3.ap-northeast-2.amazonaws.com/ShopProfiles/941.jpg,"14,161","12,254",1
15977,누죤,지앤,02-6366-6238,NUZZON B1 411호,https://sokodress.s3.ap-northeast-2.amazonaws.com/ShopProfiles/15977.jpg,"4,813",269,0
26173,누죤,byhyun,02-6366-3837,NUZZON 4F 123호,https://sokodress.s3.ap-northeast-2.amazonaws.com/ShopProfiles/26173.jpg,121,224,0
22362,누죤,힐스,010-7513-8474,NUZZON 4F 810호,https://sokodress.s3.ap-northeast-2.amazonaws.com/ShopProfiles/22362.jpg,497,314,0
12549,누죤,THE JULIE,02-3298-5080,ChungPyungHwa 4F D53호,https://sokodress.s3.ap-northeast-2.amazonaws.com/ShopProfiles/12549.jpg,"7,170","5,050",0
27362,누죤,TAEGA,010-8520-5401,NUZZON 5F 401호,https://sokodress.s3.ap-northeast-2.amazonaws.com/ShopProfiles/27362.jpg,6,14,0
22809,누죤,NONPAPER,010-4456-6001,NUZZON 5F 315호,https://sokodress.s3.ap-northeast-2.amazonaws.com/ShopProfiles/22809.jpg,167,861,0
16924,누죤,수윤(아이캔),02-2233-6533,NUZZON B1 427호,https://sokodress.s3.ap-northeast-2.amazonaws.com/ShopProfiles/16924.jpg,"1,278","9,665",0
7303,누죤,ogam,02-6366-6679,NUZZON 2F 216호,https://sokodress.s3.ap-northeast-2.amazonaws.com/ShopProfiles/7303.jpg,768,68,0
1592,누죤,세기모자,02-6366-3820,NUZZON 5F 520호,https://sokodress.s3.ap-northeast-2.amazonaws.com/ShopProfiles/1592.jpg,"3,274","16,296",75
26917,누죤,monocode,010-8254-2736,NUZZON 6F 113호,https://sokodress.s3.ap-northeast-2.amazonaws.com/ShopProfiles/26917.jpg,40,17,0
17413,누죤,미애,02-6366-3722,NUZZON B1 722호,https://sokodress.s3.ap-northeast-2.amazonaws.com/ShopProfiles/17413.jpg,"1,526","9,550",1
25733,누죤,크레센트,010-4008-9545,NUZZON 5F 413호,https://sokodress.s3.ap-northeast-2.amazonaws.com/ShopProfiles/25733.jpg,317,96,0
5567,누죤,Helmut,010-8553-6659,NUZZON 5F 101호,https://sokodress.s3.ap-northeast-2.amazonaws.com/ShopProfiles/5567.jpg,"4,231","1,487",0
5107,누죤,모다지오,02-6366-3907,NUZZON B2 122호,https://sokodress.s3.ap-northeast-2.amazonaws.com/ShopProfiles/5107.jpg,"2,753","1,390",0
26650,누죤,ROPE,010-8502-1056,NUZZON 5F 217호,https://sokodress.s3.ap-northeast-2.amazonaws.com/ShopProfiles/26650.jpg,198,65,0
4161,누죤,인터매니아,02-6366-3522,NUZZON 3F 521호,https://sokodress.s3.ap-northeast-2.amazonaws.com/ShopProfiles/4161.jpg,911,"3,083",2
2096,누죤,이지어스,02-6366-3908,NUZZON B2 219호,https://sokodress.s3.ap-northeast-2.amazonaws.com/ShopProfiles/2096.jpg,"1,717",105,0
22876,누죤,AZABYO,010-4371-3698,NUZZON 5F 503호,https://sokodress.s3.ap-northeast-2.amazonaws.com/ShopProfiles/22876.jpg,"1,334",144,0
7735,누죤,arco,02-6366-5977,NUZZON 4F 928호,https://sokodress.s3.ap-northeast-2.amazonaws.com/ShopProfiles/7735.jpg,503,241,2
820,누죤,보네흐부띠끄(보네),010-5016-9777,NUZZON B1 812호,https://sokodress.s3.ap-northeast-2.amazonaws.com/ShopProfiles/820.jpg,"8,353","16,030",1
19113,누죤,덩크,02-2238-4373,NUZZON 3F 109호,https://sokodress.s3.ap-northeast-2.amazonaws.com/ShopProfiles/19113.jpg,628,958,0
11711,누죤,chocolate,010-5373-8520,NUZZON B2 706호,https://sokodress.s3.ap-northeast-2.amazonaws.com/ShopProfiles/11711.jpg,"5,270",797,0
17608,누죤,여우방망이,02-6366-3580,NUZZON 2F 518호,https://sokodress.s3.ap-northeast-2.amazonaws.com/ShopProfiles/17608.jpg,962,"2,034",1
5955,누죤,mp,02-6366-6910,NUZZON 3F 515호,https://sokodress.s3.ap-northeast-2.amazonaws.com/ShopProfiles/5955.jpg,"1,517","2,291",3
16407,누죤,peterpan,02-6366-5533,NUZZON 1F 627호,https://sokodress.s3.ap-northeast-2.amazonaws.com/ShopProfiles/16407.jpg,286,788,1
19904,누죤,ACON,010-2103-3839,NUZZON 3F 508호,https://sokodress.s3.ap-northeast-2.amazonaws.com/ShopProfiles/19904.jpg,933,"1,551",0
367,누죤,noticeboard,02-6366-3606,NUZZON 3F 413호,https://sokodress.s3.ap-northeast-2.amazonaws.com/ShopProfiles/367.jpg,"3,230","11,349",0
21327,누죤,르프릭,02-6366-3526,NUZZON 3F 526호,https://sokodress.s3.ap-northeast-2.amazonaws.com/ShopProfiles/21327.jpg,"5,273",949,0
21595,누죤,eggrang_,010-8019-2407,NUZZON 2F 407호,https://sokodress.s3.ap-northeast-2.amazonaws.com/ShopProfiles/21595.jpg,"1,571","2,520",5
4979,누죤,브로니,010-3753-2324,NUZZON 1F 421호,https://sokodress.s3.ap-northeast-2.amazonaws.com/ShopProfiles/4979.jpg,"1,436",158,1
16891,누죤,"CODI63CO.,LTD.",010-2434-5117,NUZZON B1 114호,https://sokodress.s3.ap-northeast-2.amazonaws.com/ShopProfiles/16891.jpg,"5,574","4,139",1
7252,누죤,스타일핑크,02-6366-4505,NUZZON 1F 505호,https://sokodress.s3.ap-northeast-2.amazonaws.com/ShopProfiles/7252.jpg,540,"1,290",3
15495,누죤,히든,02-6366-4103,NUZZON 5F 316호,https://sokodress.s3.ap-northeast-2.amazonaws.com/ShopProfiles/15495.jpg,995,401,0
18470,누죤,CHICHI,02-6366-6667,NUZZON 6F 319호,https://sokodress.s3.ap-northeast-2.amazonaws.com/ShopProfiles/18470.jpg,"1,332",653,0
8912,누죤,SUNNY,02-6366-5105,NUZZON B1 703호,https://sokodress.s3.ap-northeast-2.amazonaws.com/ShopProfiles/8912.jpg,"5,878","20,416",4
3080,누죤,soe,02-6366-6107,NUZZON 6F 107호,https://sokodress.s3.ap-northeast-2.amazonaws.com/ShopProfiles/3080.jpg,"1,118","2,564",0
21529,누죤,SEEOT,02-6366-6630,NUZZON 6F 420호,https://sokodress.s3.ap-northeast-2.amazonaws.com/ShopProfiles/21529.jpg,"2,030","1,465",0
3547,누죤,티랑,010-2332-8090,ChungPyungHwa 3F 다41호,https://sokodress.s3.ap-northeast-2.amazonaws.com/ShopProfiles/3547.jpg,"4,365","7,395",10
14531,누죤,TTOTTO,010-2923-1132,ChungPyungHwa 2F 라37호,https://sokodress.s3.ap-northeast-2.amazonaws.com/ShopProfiles/14531.jpg,"7,460","12,244",1
5541,누죤,Style plus,010-2053-0084,NUZZON B2 622호,https://sokodress.s3.ap-northeast-2.amazonaws.com/ShopProfiles/5541.jpg,"1,452","4,095",1
18515,누죤,CHEAT,010-8707-7480,NUZZON 5F 506호,https://sokodress.s3.ap-northeast-2.amazonaws.com/ShopProfiles/18515.jpg,"3,191","5,554",0
5125,누죤,Encanto,02-6366-6201,NUZZON 6F 120호,https://sokodress.s3.ap-northeast-2.amazonaws.com/ShopProfiles/5125.jpg,"3,790","15,548",0
12239,누죤,밀레트,02-6366-5529,NUZZON 4F 801호,https://sokodress.s3.ap-northeast-2.amazonaws.com/ShopProfiles/12239.jpg,745,"2,999",2
17436,누죤,피프티피프티,02-6366-3554,NUZZON 6F 508호,https://sokodress.s3.ap-northeast-2.amazonaws.com/ShopProfiles/17436.jpg,684,301,0
9864,누죤,Flows,010-8806-6686,NUZZON 5F 522호,https://sokodress.s3.ap-northeast-2.amazonaws.com/ShopProfiles/9864.jpg,"1,326","1,159",0
15501,누죤,baewoo,010-2375-3225,NUZZON 3F 225호,https://sokodress.s3.ap-northeast-2.amazonaws.com/ShopProfiles/15501.jpg,"1,120","1,249",1
15788,누죤,UNICO,02-6366-6677,NUZZON 6F 220호,https://sokodress.s3.ap-northeast-2.amazonaws.com/ShopProfiles/15788.jpg,607,883,0
8898,누죤,G.JON,02-6366-4757,NUZZON 1F 326호,https://sokodress.s3.ap-northeast-2.amazonaws.com/ShopProfiles/8898.jpg,895,"1,766",88
27022,누죤,NOM,010-3783-3286,NUZZON 4F 405호,https://sokodress.s3.ap-northeast-2.amazonaws.com/ShopProfiles/27022.jpg,247,26,0
18688,누죤,mari,010-7576-4422,NUZZON B1 401호,https://sokodress.s3.ap-northeast-2.amazonaws.com/ShopProfiles/18688.jpg,"2,706","14,236",11
8696,누죤,퓨어,02-6366-6115,NUZZON 6F 115호,https://sokodress.s3.ap-northeast-2.amazonaws.com/ShopProfiles/8696.jpg,"2,355",220,0
20088,누죤,yewon,02-6366-6786,NUZZON 2F 426호,https://sokodress.s3.ap-northeast-2.amazonaws.com/ShopProfiles/20088.jpg,"2,823","6,825",9
4136,누죤,STUDIO J.,010-9392-3551,NUZZON B1 518호,https://sokodress.s3.ap-northeast-2.amazonaws.com/ShopProfiles/4136.jpg,"9,345","3,593",2
9125,누죤,5COLOR,010-3294-1613,NUZZON 6F 328호,https://sokodress.s3.ap-northeast-2.amazonaws.com/ShopProfiles/9125.jpg,"4,223","6,954",0
24656,누죤,percentb,010-9042-5130,NUZZON 6F 513호,https://sokodress.s3.ap-northeast-2.amazonaws.com/ShopProfiles/24656.jpg,284,873,0
14987,누죤,gojeans,010-2126-9473,NUZZON 3F 420호,https://sokodress.s3.ap-northeast-2.amazonaws.com/ShopProfiles/14987.jpg,376,535,0
5480,누죤,aileen,02-6366-4901,NUZZON 4F 901호,https://sokodress.s3.ap-northeast-2.amazonaws.com/ShopProfiles/5480.jpg,"2,085","1,833",0
26289,누죤,cornering,010-4014-0757,NUZZON 4F 809호,https://sokodress.s3.ap-northeast-2.amazonaws.com/ShopProfiles/26289.jpg,742,196,0
4521,누죤,glee,02-6366-5112,NUZZON 6F 304호,https://sokodress.s3.ap-northeast-2.amazonaws.com/ShopProfiles/4521.jpg,883,"2,307",17
13137,누죤,리앙,070-4042-2485,NUZZON 4F 922호,https://sokodress.s3.ap-northeast-2.amazonaws.com/ShopProfiles/13137.jpg,"6,942",328,0
869,누죤,SPRAY,02-6366-5285,NUZZON 6F 217호,https://sokodress.s3.ap-northeast-2.amazonaws.com/ShopProfiles/869.jpg,838,"1,807",0
8602,누죤,봉주르,02-6366-5022,NUZZON B1 101호,https://sokodress.s3.ap-northeast-2.amazonaws.com/ShopProfiles/8602.jpg,436,662,0
1051,누죤,Kira,010-8574-8077,NUZZON 4F 805호,https://sokodress.s3.ap-northeast-2.amazonaws.com/ShopProfiles/1051.jpg,"2,840","25,011",1
25349,누죤,DOUBLEB,010-3934-1570,NUZZON 5F 422호,https://sokodress.s3.ap-northeast-2.amazonaws.com/ShopProfiles/25349.jpg,273,514,0
25417,누죤,YOOF 유프,010-4843-2872,NUZZON 3F 417호,https://sokodress.s3.ap-northeast-2.amazonaws.com/ShopProfiles/25417.jpg,374,304,0
27377,누죤,ksubi,010-8878-6801,NUZZON 4F 920호,https://sokodress.s3.ap-northeast-2.amazonaws.com/ShopProfiles/27377.jpg,33,92,0
1515,누죤,tera,010-2756-9228,NUZZON B2 220호,https://sokodress.s3.ap-northeast-2.amazonaws.com/ShopProfiles/1515.jpg,"1,918",107,0
18757,누죤,byclassic,02-6366-6049,NUZZON 5F 129호,https://sokodress.s3.ap-northeast-2.amazonaws.com/ShopProfiles/18757.jpg,466,158,1
24025,누죤,manhattans,010-5848-6932,NUZZON 6F 615호,https://sokodress.s3.ap-northeast-2.amazonaws.com/ShopProfiles/24025.jpg,"1,218","6,862",1
4065,누죤,INTRO,02-6366-3137,NUZZON 5F 128호,https://sokodress.s3.ap-northeast-2.amazonaws.com/ShopProfiles/4065.jpg,"1,563","1,237",1
12410,누죤,CM,010-9774-1877,NUZZON 3F 427호,https://sokodress.s3.ap-northeast-2.amazonaws.com/ShopProfiles/12410.jpg,"2,347","4,213",1
26638,누죤,WATT,010-9136-0724,NUZZON 3F 510호,https://sokodress.s3.ap-northeast-2.amazonaws.com/ShopProfiles/26638.jpg,227,160,0
16843,누죤,9min,02-6366-4777,NUZZON 6F 309호,https://sokodress.s3.ap-northeast-2.amazonaws.com/ShopProfiles/16843.jpg,"1,427","3,858",0
17192,누죤,bronte,02-6366-6620,NUZZON 6F 131호,https://sokodress.s3.ap-northeast-2.amazonaws.com/ShopProfiles/17192.jpg,"2,149","5,182",0
2148,누죤,MILKBERLIN,02-6366-5935,NUZZON 6F 402호,https://sokodress.s3.ap-northeast-2.amazonaws.com/ShopProfiles/2148.jpg,777,656,0
19241,누죤,sshop#,010-9556-0283,NUZZON 6F 101호,https://sokodress.s3.ap-northeast-2.amazonaws.com/ShopProfiles/19241.jpg,768,"1,090",0
4706,누죤,FromD,010-3201-3029,NUZZON 4F 914호,https://sokodress.s3.ap-northeast-2.amazonaws.com/ShopProfiles/4706.jpg,"8,873","14,572",13
9900,누죤,퍼스트샵(#),010-3142-2402,NUZZON 1F 229호,https://sokodress.s3.ap-northeast-2.amazonaws.com/ShopProfiles/9900.jpg,875,"1,529",0
2870,누죤,124,010-3173-0246,NUZZON 6F 301호,https://sokodress.s3.ap-northeast-2.amazonaws.com/ShopProfiles/2870.jpg,"2,000","9,523",0
19758,누죤,이즈니,010-3366-5548,NUZZON 1F 212호,https://sokodress.s3.ap-northeast-2.amazonaws.com/ShopProfiles/19758.jpg,"3,207","8,913",0
21499,누죤,erinn,010-3712-3915,NUZZON 1F 105호,https://sokodress.s3.ap-northeast-2.amazonaws.com/ShopProfiles/21499.jpg,252,370,1
6729,누죤,에이죤,02-2232-9886,NUZZON 1F 605호,https://sokodress.s3.ap-northeast-2.amazonaws.com/ShopProfiles/6729.jpg,401,293,61
6358,누죤,첼로,02-6366-3501,NUZZON 3F 501호,https://sokodress.s3.ap-northeast-2.amazonaws.com/ShopProfiles/6358.jpg,987,246,0
22804,누죤,Lollipop,010-9095-5817,NUZZON B1 314호,https://sokodress.s3.ap-northeast-2.amazonaws.com/ShopProfiles/22804.jpg,"1,727","6,150",31
6106,누죤,루드나인,02-6366-3939,NUZZON 3F 310호,https://sokodress.s3.ap-northeast-2.amazonaws.com/ShopProfiles/6106.jpg,"1,561",178,0
10935,누죤,JEROME.N,010-5143-2928,NUZZON 5F 609호,https://sokodress.s3.ap-northeast-2.amazonaws.com/ShopProfiles/10935.jpg,"1,717",305,0
24768,누죤,커넥트,010-5604-4309,NUZZON 5F 304호,https://sokodress.s3.ap-northeast-2.amazonaws.com/ShopProfiles/24768.jpg,"1,767","2,581",0
17719,누죤,AFFIX,010-7151-7887,NUZZON 5F 131호,https://sokodress.s3.ap-northeast-2.amazonaws.com/ShopProfiles/17719.jpg,"1,000",458,0
9841,누죤,H2,02-6366-5671,NUZZON B1 412호,https://sokodress.s3.ap-northeast-2.amazonaws.com/ShopProfiles/9841.jpg,"5,367","21,844",13
